job_id,company,title,location,tags,url,scraped_at,run_id,tags_list,job_family
1128427,Instrumentl,Engineering Lead,Remote,"['Design', 'SaaS', 'System', 'Technical', 'Support', 'Software', 'Web', 'Ruby', 'Rails', 'Management', 'Lead', 'Engineer', 'Engineering']",https://remoteok.com/remote-jobs/remote-engineering-lead-instrumentl-1128427,2025-12-25T19:13:29.805692+00:00,,"['Design', 'SaaS', 'System', 'Technical', 'Support', 'Software', 'Web', 'Ruby', 'Rails', 'Management', 'Lead', 'Engineer', 'Engineering']",Data & AI
1128468,SkySlope,UX UI Designer,Remote,"['UI', 'UX', 'Design', 'Jira', 'Front-End', 'Designer', 'Technical', 'Support', 'Software', 'Test', 'Growth', 'CSS', 'HTML', 'Mobile', 'Management', 'Go', 'Recruitment']",https://remoteok.com/remote-jobs/remote-ux-ui-designer-skyslope-1128468,2025-12-25T19:13:29.805692+00:00,,"['UI', 'UX', 'Design', 'Jira', 'Front-End', 'Designer', 'Technical', 'Support', 'Software', 'Test', 'Growth', 'CSS', 'HTML', 'Mobile', 'Management', 'Go', 'Recruitment']",Growth/Ops
1128469,"Skyward IT Solutions, LLC",Software Engineer,Remote,"['Software', 'Design', 'Back-End', 'Security', 'Students', 'Docker', 'Technical', 'Support', 'Testing', 'Test', 'Code', 'DevOps', 'API', 'Go', 'Engineer', 'Backend']",https://remoteok.com/remote-jobs/remote-software-engineer-skyward-it-solutions-llc-1128469,2025-12-25T19:13:29.805692+00:00,,"['Software', 'Design', 'Back-End', 'Security', 'Students', 'Docker', 'Technical', 'Support', 'Testing', 'Test', 'Code', 'DevOps', 'API', 'Go', 'Engineer', 'Backend']",Security
1128473,Aiwyn,Senior Product Manager Portal,Remote,"['Manager', 'Design', 'Jira', 'SaaS', 'Security', 'Support', 'Software', 'Growth', 'Travel', 'Accounting', 'Financial', 'Fintech', 'Management', 'Lead', 'Senior', 'Operations', 'Go', 'Health', 'Engineering']",https://remoteok.com/remote-jobs/remote-senior-product-manager-portal-aiwyn-1128473,2025-12-25T19:13:29.805692+00:00,,"['Manager', 'Design', 'Jira', 'SaaS', 'Security', 'Support', 'Software', 'Growth', 'Travel', 'Accounting', 'Financial', 'Fintech', 'Management', 'Lead', 'Senior', 'Operations', 'Go', 'Health', 'Engineering']",Growth/Ops
1128476,Alloy Automation,Manager Software Engineering,Remote,"['Software', 'Manager', 'Design', 'Embedded', 'System', 'Back-End', 'Security', 'Architect', 'Docker', 'Technical', 'Code', 'Web', 'Voice', 'Cloud', 'API', 'Operations', 'Engineering']",https://remoteok.com/remote-jobs/remote-manager-software-engineering-alloy-automation-1128476,2025-12-25T19:13:29.805692+00:00,,"['Software', 'Manager', 'Design', 'Embedded', 'System', 'Back-End', 'Security', 'Architect', 'Docker', 'Technical', 'Code', 'Web', 'Voice', 'Cloud', 'API', 'Operations', 'Engineering']",Data & AI
1128478,Megaport,Technical Business Analyst,Remote,"['Analyst', 'System', 'Training', 'Technical', 'Support', 'Software', 'Code', 'Web', 'Voice', 'Quality Assurance', 'Cloud', 'Microsoft', 'Leader', 'Management', 'Engineering', 'Recruitment']",https://remoteok.com/remote-jobs/remote-technical-business-analyst-megaport-1128478,2025-12-25T19:13:29.805692+00:00,,"['Analyst', 'System', 'Training', 'Technical', 'Support', 'Software', 'Code', 'Web', 'Voice', 'Quality Assurance', 'Cloud', 'Microsoft', 'Leader', 'Management', 'Engineering', 'Recruitment']",Security
1128482,Firework,Manager Integration Solutions,Remote,"['Manager', 'SaaS', 'Consultant', 'Technical', 'Support', 'Voice', 'JavaScript', 'Video', 'Management', 'Content', 'Engineering', 'Shopify']",https://remoteok.com/remote-jobs/remote-manager-integration-solutions-firework-1128482,2025-12-25T19:13:29.805692+00:00,,"['Manager', 'SaaS', 'Consultant', 'Technical', 'Support', 'Voice', 'JavaScript', 'Video', 'Management', 'Content', 'Engineering', 'Shopify']",DevOps
1128484,Electrified Thermal,Account Executive EU,Remote,"['Technical', 'Support', 'Growth', 'Finance', 'Lead', 'Marketing', 'Sales', 'Go', 'Engineering', 'Executive']",https://remoteok.com/remote-jobs/remote-account-executive-eu-electrified-thermal-1128484,2025-12-25T19:13:29.805692+00:00,,"['Technical', 'Support', 'Growth', 'Finance', 'Lead', 'Marketing', 'Sales', 'Go', 'Engineering', 'Executive']",DevOps
1128500,CertiK,Solidity Compiler Frontend Engineer,Remote,"['Solidity', 'Front End', 'Ethereum', 'Security', 'Support', 'Java', 'Sales', 'Engineer', 'Full-Time']",https://remoteok.com/remote-jobs/remote-solidity-compiler-frontend-engineer-certik-1128500,2025-12-25T19:13:29.805692+00:00,,"['Solidity', 'Front End', 'Ethereum', 'Security', 'Support', 'Java', 'Sales', 'Engineer', 'Full-Time']",Backend/Core
1128463,Ennoble Care,Senior Software Engineer,Remote,"['Software', 'Design', 'Developer', 'UI', 'Mobile', 'Senior', 'Go', 'Health', 'Engineer']",https://remoteok.com/remote-jobs/remote-senior-software-engineer-ennoble-care-1128463,2025-12-25T19:13:29.805692+00:00,,"['Software', 'Design', 'Developer', 'UI', 'Mobile', 'Senior', 'Go', 'Health', 'Engineer']",Full Stack
1128501,Nansen.ai,DevOps Engineer,Remote,"['System', 'Security', 'Code', 'DevOps', 'Cloud', 'Management', 'Operations', 'Analytics', 'Engineer', 'Engineering', 'Linux']",https://remoteok.com/remote-jobs/remote-devops-engineer-nansen-ai-1128501,2025-12-25T19:13:29.805692+00:00,,"['System', 'Security', 'Code', 'DevOps', 'Cloud', 'Management', 'Operations', 'Analytics', 'Engineer', 'Engineering', 'Linux']",Backend/Core
1128503,Dataiku,Fullstack Software Engineer Core,Remote,"['Software', 'Engineer', 'Engineering', 'Fullstack']",https://remoteok.com/remote-jobs/remote-fullstack-software-engineer-core-dataiku-1128503,2025-12-25T19:13:29.805692+00:00,,"['Software', 'Engineer', 'Engineering', 'Fullstack']",Full Stack
1128505,Twilio,Software Engineer Messaging Data Platform,Remote,"['Software', 'Engineer', 'Backend']",https://remoteok.com/remote-jobs/remote-software-engineer-messaging-data-platform-twilio-1128505,2025-12-25T19:13:29.805692+00:00,,"['Software', 'Engineer', 'Backend']",Full Stack
1128506,Higher Logic,Software Developer,Remote,"['Developer', 'Software', 'Design', 'SaaS', 'Support', 'Testing', 'Code', 'MySQL', 'Engineering']",https://remoteok.com/remote-jobs/remote-software-developer-higher-logic-1128506,2025-12-25T19:13:29.805692+00:00,,"['Developer', 'Software', 'Design', 'SaaS', 'Support', 'Testing', 'Code', 'MySQL', 'Engineering']",DevOps
1128508,Acquia,Senior Software Engineer,Pune or Delhi/NCR,"['Software', 'System', 'Support', 'Analyst', 'Scrum', 'DevOps', 'Java', 'Cloud', 'Drupal', 'Leader', 'Lead', 'Senior', 'Operations', 'Operational', 'Engineer']",https://remoteok.com/remote-jobs/remote-senior-software-engineer-acquia-1128508,2025-12-25T19:13:29.805692+00:00,,"['Software', 'System', 'Support', 'Analyst', 'Scrum', 'DevOps', 'Java', 'Cloud', 'Drupal', 'Leader', 'Lead', 'Senior', 'Operations', 'Operational', 'Engineer']",Backend/Core
1128520,Fora Financial,Engineering Manager,Remote,"['Manager', 'Code', 'Scrum', 'Finance', 'Financial', 'Lead', 'Legal', 'Engineering']",https://remoteok.com/remote-jobs/remote-engineering-manager-fora-financial-1128520,2025-12-25T19:13:29.805692+00:00,,"['Manager', 'Code', 'Scrum', 'Finance', 'Financial', 'Lead', 'Legal', 'Engineering']",DevOps
1128526,Federato,Data Science Manager,Remote,"['Manager', 'Lead', 'Engineering']",https://remoteok.com/remote-jobs/remote-data-science-manager-federato-1128526,2025-12-25T19:13:29.805692+00:00,,"['Manager', 'Lead', 'Engineering']",DevOps
1128528,Mongoose,Talent & People Ops Manager,Remote,"['Manager', 'Design', 'SaaS', 'HR', 'Support', 'Growth', 'Edu', 'Strategy', 'Operations', 'Operational', 'Recruiting', 'Engineering']",https://remoteok.com/remote-jobs/remote-talent-amp-people-ops-manager-mongoose-1128528,2025-12-25T19:13:29.805692+00:00,,"['Manager', 'Design', 'SaaS', 'HR', 'Support', 'Growth', 'Edu', 'Strategy', 'Operations', 'Operational', 'Recruiting', 'Engineering']",Growth/Ops
1128534,Coderio,*SR DevOps Data engineer,Remote,"['Python', 'Software', 'Code', 'DevOps', 'Cloud', 'Engineer']",https://remoteok.com/remote-jobs/remote-sr-devops-data-engineer-coderio-1128534,2025-12-25T19:13:29.805692+00:00,,"['Python', 'Software', 'Code', 'DevOps', 'Cloud', 'Engineer']",Full Stack
1128502,Coins.ph,Web Engineer,Remote,"['Web', 'Design', 'Crypto', 'Cryptocurrencies', 'System', 'Front End', 'Designer', 'Software', 'Test', 'Growth', 'UX', 'Code', 'JavaScript', 'Financial', 'Mobile', 'Engineer']",https://remoteok.com/remote-jobs/remote-web-engineer-coins-ph-1128502,2025-12-25T19:13:29.805692+00:00,,"['Web', 'Design', 'Crypto', 'Cryptocurrencies', 'System', 'Front End', 'Designer', 'Software', 'Test', 'Growth', 'UX', 'Code', 'JavaScript', 'Financial', 'Mobile', 'Engineer']",Data & AI
1128536,CI&T,Job 25443 Senior Quality Assurance Automation Brazil,Remote,"['Software', 'Test', 'Quality Assurance', 'Git', 'Senior']",https://remoteok.com/remote-jobs/remote-job-25443-senior-quality-assurance-automation-brazil-ciampt-1128536,2025-12-25T19:13:29.805692+00:00,,"['Software', 'Test', 'Quality Assurance', 'Git', 'Senior']",Full Stack
1128460,IMO Health,Data Engineer,Remote,"['Support', 'Software', 'Senior', 'Medical', 'Engineer', 'Engineering']",https://remoteok.com/remote-jobs/remote-data-engineer-imo-health-1128460,2025-12-25T19:13:29.805692+00:00,,"['Support', 'Software', 'Senior', 'Medical', 'Engineer', 'Engineering']",Full Stack
1128458,InductiveHealth,Data Engineer,Remote,"['Design', 'Technical', 'Lead', 'Reliability', 'Health', 'Engineer']",https://remoteok.com/remote-jobs/remote-data-engineer-inductivehealth-1128458,2025-12-25T19:13:29.805692+00:00,,"['Design', 'Technical', 'Lead', 'Reliability', 'Health', 'Engineer']",Full Stack
1128430,CompTech Computer Technologies,Technical Engineer,Remote,"['Security', 'Technical', 'Support', 'Management', 'Excel', 'Engineer']",https://remoteok.com/remote-jobs/remote-technical-engineer-comptech-computer-technologies-1128430,2025-12-25T19:13:29.805692+00:00,,"['Security', 'Technical', 'Support', 'Management', 'Excel', 'Engineer']",Backend/Core
1128431,Veda Tech Labs,Head of Compliance,Remote,"['Design', 'Defi', 'Crypto', 'Security', 'Training', 'Technical', 'Support', 'Testing', 'Financial', 'Finance', 'Lead', 'Operations', 'Operational', 'Engineering', 'Executive']",https://remoteok.com/remote-jobs/remote-head-of-compliance-veda-tech-labs-1128431,2025-12-25T19:13:29.805692+00:00,,"['Design', 'Defi', 'Crypto', 'Security', 'Training', 'Technical', 'Support', 'Testing', 'Financial', 'Finance', 'Lead', 'Operations', 'Operational', 'Engineering', 'Executive']",Research/Specialized
1128433,Loadsmart,Financial Settlement Representative,Remote,"['Financial', 'Operations', 'Operational', 'Sales', 'Non Tech']",https://remoteok.com/remote-jobs/remote-financial-settlement-representative-loadsmart-1128433,2025-12-25T19:13:29.805692+00:00,,"['Financial', 'Operations', 'Operational', 'Sales', 'Non Tech']",Research/Specialized
1128435,Culligan Quench,Salesforce Full Stack Developer,Remote,"['Salesforce', 'Developer', 'Design', 'HR', 'System', 'Architect', 'Technical', 'Software', 'Director', 'Code', 'Web', 'Travel', 'DevOps', 'Financial', 'Banking', 'Java', 'Ruby', 'Leader', 'Management', 'Lead', 'Senior', 'Junior', 'Marketing', 'Health', 'Engineering']",https://remoteok.com/remote-jobs/remote-salesforce-full-stack-developer-culligan-quench-1128435,2025-12-25T19:13:29.805692+00:00,,"['Salesforce', 'Developer', 'Design', 'HR', 'System', 'Architect', 'Technical', 'Software', 'Director', 'Code', 'Web', 'Travel', 'DevOps', 'Financial', 'Banking', 'Java', 'Ruby', 'Leader', 'Management', 'Lead', 'Senior', 'Junior', 'Marketing', 'Health', 'Engineering']",Security
1128437,Photoroom,Technical Customer Success Manager,Remote,"['Manager', 'SaaS', 'Front End', 'Consult', 'Technical', 'Support', 'Growth', 'Travel', 'API', 'Strategy', 'Management', 'Lead', 'Health', 'Backend']",https://remoteok.com/remote-jobs/remote-technical-customer-success-manager-photoroom-1128437,2025-12-25T19:13:29.805692+00:00,,"['Manager', 'SaaS', 'Front End', 'Consult', 'Technical', 'Support', 'Growth', 'Travel', 'API', 'Strategy', 'Management', 'Lead', 'Health', 'Backend']",Growth/Ops
1128438,Houzz,Senior Full Stack Software Engineer Financial Reports Team,Remote,"['Software', 'Design', 'SaaS', 'Technical', 'Support', 'Developer', 'Test', 'UX', 'Code', 'Web', 'Financial', 'Management', 'Lead', 'Senior', 'Marketing', 'Engineer', 'Backend']",https://remoteok.com/remote-jobs/remote-senior-full-stack-software-engineer-financial-reports-team-houzz-1128438,2025-12-25T19:13:29.805692+00:00,,"['Software', 'Design', 'SaaS', 'Technical', 'Support', 'Developer', 'Test', 'UX', 'Code', 'Web', 'Financial', 'Management', 'Lead', 'Senior', 'Marketing', 'Engineer', 'Backend']",Security
1128440,EnergyHub,Staff Software Engineer,Remote,"['Software', 'Technical', 'Support', 'Test', 'Edu', 'Operations', 'Engineer', 'Engineering']",https://remoteok.com/remote-jobs/remote-staff-software-engineer-energyhub-1128440,2025-12-25T19:13:29.805692+00:00,,"['Software', 'Technical', 'Support', 'Test', 'Edu', 'Operations', 'Engineer', 'Engineering']",Backend/Core
1128459,Addepar,Job Template Engineering,Remote,"['Growth', 'Investment', 'Engineering']",https://remoteok.com/remote-jobs/remote-job-template-engineering-addepar-1128459,2025-12-25T19:13:29.805692+00:00,,"['Growth', 'Investment', 'Engineering']",DevOps
1128442,Agiloft,Senior Account Executive,Remote,"['SaaS', 'Consulting', 'Technical', 'Support', 'Software', 'Growth', 'Code', 'Cloud', 'Leader', 'Strategy', 'Management', 'Lead', 'Senior', 'Operations', 'Legal', 'Sales', 'Go', 'Recruiting', 'Engineering', 'Executive']",https://remoteok.com/remote-jobs/remote-senior-account-executive-agiloft-1128442,2025-12-25T19:13:29.805692+00:00,,"['SaaS', 'Consulting', 'Technical', 'Support', 'Software', 'Growth', 'Code', 'Cloud', 'Leader', 'Strategy', 'Management', 'Lead', 'Senior', 'Operations', 'Legal', 'Sales', 'Go', 'Recruiting', 'Engineering', 'Executive']",DevOps
1128444,Celonis,Software Engineer,Remote,"['Software', 'SaaS', 'Support', 'Java', 'Leader', 'Reliability', 'Engineer', 'Engineering', 'Backend']",https://remoteok.com/remote-jobs/remote-software-engineer-celonis-1128444,2025-12-25T19:13:29.805692+00:00,,"['Software', 'SaaS', 'Support', 'Java', 'Leader', 'Reliability', 'Engineer', 'Engineering', 'Backend']",Backend/Core
1128446,The Block,Staff Engineer,Remote,"['Crypto', 'Cryptocurrency', 'Front End', 'Full-Stack', 'Technical', 'Code', 'Web', 'Voice', 'Quality Assurance', 'DevOps', 'Financial', 'Laravel', 'Content', 'Analytics', 'Legal', 'Health', 'Engineer', 'Engineering', 'Backend']",https://remoteok.com/remote-jobs/remote-staff-engineer-the-block-1128446,2025-12-25T19:13:29.805692+00:00,,"['Crypto', 'Cryptocurrency', 'Front End', 'Full-Stack', 'Technical', 'Code', 'Web', 'Voice', 'Quality Assurance', 'DevOps', 'Financial', 'Laravel', 'Content', 'Analytics', 'Legal', 'Health', 'Engineer', 'Engineering', 'Backend']",Data & AI
1128448,Bitwise Asset Management,Senior Analytics Engineer GTM,Remote,"['Crypto', 'Support', 'Manager', 'Financial', 'Executive', 'Lead', 'Senior', 'Marketing', 'Analytics', 'Sales', 'Engineer', 'Engineering']",https://remoteok.com/remote-jobs/remote-senior-analytics-engineer-gtm-bitwise-asset-management-1128448,2025-12-25T19:13:29.805692+00:00,,"['Crypto', 'Support', 'Manager', 'Financial', 'Executive', 'Lead', 'Senior', 'Marketing', 'Analytics', 'Sales', 'Engineer', 'Engineering']",Research/Specialized
1128451,BitMEX,Engineering Lead Custody,Remote,"['Crypto', 'Cryptocurrency', 'Security', 'Lead', 'Engineering']",https://remoteok.com/remote-jobs/remote-engineering-lead-custody-bitmex-1128451,2025-12-25T19:13:29.805692+00:00,,"['Crypto', 'Cryptocurrency', 'Security', 'Lead', 'Engineering']",DevOps
1128452,Daniel J Edelman Holdings,Senior MLOps Engineer,Remote,"['Grafana', 'System', 'Security', 'Python', 'Training', 'Support', 'Travel', 'Voice', 'Cloud', 'Lead', 'Senior', 'Junior', 'Engineer', 'Engineering']",https://remoteok.com/remote-jobs/remote-senior-mlops-engineer-daniel-j-edelman-holdings-1128452,2025-12-25T19:13:29.805692+00:00,,"['Grafana', 'System', 'Security', 'Python', 'Training', 'Support', 'Travel', 'Voice', 'Cloud', 'Lead', 'Senior', 'Junior', 'Engineer', 'Engineering']",Backend/Core
1128453,Samsara,Principal Product Manager Commercial Navigation US,Remote,"['Manager', 'Design', 'Lead', 'Engineering']",https://remoteok.com/remote-jobs/remote-principal-product-manager-commercial-navigation-us-samsara-1128453,2025-12-25T19:13:29.805692+00:00,,"['Manager', 'Design', 'Lead', 'Engineering']",DevOps
1128455,NetBox Labs,DevOps Engineer,Remote,"['SaaS', 'Salesforce', 'Grafana', 'Security', 'Ceo', 'Support', 'Developer', 'Software', 'Code', 'DevOps', 'Investment', 'Cloud', 'Senior', 'Operations', 'Reliability', 'Engineer', 'Engineering']",https://remoteok.com/remote-jobs/remote-devops-engineer-netbox-labs-1128455,2025-12-25T19:13:29.805692+00:00,,"['SaaS', 'Salesforce', 'Grafana', 'Security', 'Ceo', 'Support', 'Developer', 'Software', 'Code', 'DevOps', 'Investment', 'Cloud', 'Senior', 'Operations', 'Reliability', 'Engineer', 'Engineering']",Backend/Core
1128456,Cylinder Health,Junior Data Engineer,Remote,"['Design', 'Security', 'Python', 'Technical', 'Support', 'Software', 'Code', 'Cloud', 'Senior', 'Junior', 'Reliability', 'Medical', 'Health', 'Healthcare', 'Engineer', 'Engineering', 'Internship']",https://remoteok.com/remote-jobs/remote-junior-data-engineer-cylinder-health-1128456,2025-12-25T19:13:29.805692+00:00,,"['Design', 'Security', 'Python', 'Technical', 'Support', 'Software', 'Code', 'Cloud', 'Senior', 'Junior', 'Reliability', 'Medical', 'Health', 'Healthcare', 'Engineer', 'Engineering', 'Internship']",Security
1128443,Allata,QA Lead,Remote,"['Jira', 'SaaS', 'Security', 'Consulting', 'Architect', 'Testing', 'Test', 'UI', 'Quality Assurance', 'Cloud', 'API', 'Strategy', 'Lead', 'Marketing', 'Analytics', 'Sales', 'Reliability', 'Engineering']",https://remoteok.com/remote-jobs/remote-qa-lead-allata-1128443,2025-12-25T19:13:29.805692+00:00,,"['Jira', 'SaaS', 'Security', 'Consulting', 'Architect', 'Testing', 'Test', 'UI', 'Quality Assurance', 'Cloud', 'API', 'Strategy', 'Lead', 'Marketing', 'Analytics', 'Sales', 'Reliability', 'Engineering']",DevOps
1128538,Socket,Business Development Lead Fintech,Remote,"['Crypto', 'Cofounder', 'Growth', 'Coo', 'Fintech', 'Strategy', 'Lead', 'Operational', 'Sales']",https://remoteok.com/remote-jobs/remote-business-development-lead-fintech-socket-1128538,2025-12-25T19:13:29.805692+00:00,,"['Crypto', 'Cofounder', 'Growth', 'Coo', 'Fintech', 'Strategy', 'Lead', 'Operational', 'Sales']",Growth/Ops
1128539,GRAX,Senior Golang Full Stack Developer,Remote,"['Golang', 'Developer', 'Salesforce', 'System', 'Security', 'Financial', 'Senior', 'Golang', 'Health', 'Engineering']",https://remoteok.com/remote-jobs/remote-senior-golang-full-stack-developer-grax-1128539,2025-12-25T19:13:29.805692+00:00,,"['Golang', 'Developer', 'Salesforce', 'System', 'Security', 'Financial', 'Senior', 'Golang', 'Health', 'Engineering']",DevOps
1128540,Ethena Labs,Head of Platform Engineering,Remote,"['Design', 'Crypto', 'Cryptocurrency', 'Back-End', 'Security', 'Technical', 'Support', 'Developer', 'Growth', 'DevOps', 'Financial', 'Finance', 'Cloud', 'Leader', 'Strategy', 'Lead', 'Senior', 'Operations', 'Engineer', 'Engineering']",https://remoteok.com/remote-jobs/remote-head-of-platform-engineering-ethena-labs-1128540,2025-12-25T19:13:29.805692+00:00,,"['Design', 'Crypto', 'Cryptocurrency', 'Back-End', 'Security', 'Technical', 'Support', 'Developer', 'Growth', 'DevOps', 'Financial', 'Finance', 'Cloud', 'Leader', 'Strategy', 'Lead', 'Senior', 'Operations', 'Engineer', 'Engineering']",Data & AI
1128542,Xero,Senior Fullstack Engineer Payments Platform,Remote,"['Front End', 'Accounting', 'Investment', 'Senior', 'Engineer', 'Backend', 'Fullstack']",https://remoteok.com/remote-jobs/remote-senior-fullstack-engineer-payments-platform-xero-1128542,2025-12-25T19:13:29.805692+00:00,,"['Front End', 'Accounting', 'Investment', 'Senior', 'Engineer', 'Backend', 'Fullstack']",Full Stack
1128565,Glydways,Autonomy Software Engineer Integration,Remote,"['Software', 'Design', 'System', 'Support', 'Testing', 'C++', 'Engineer']",https://remoteok.com/remote-jobs/remote-autonomy-software-engineer-integration-glydways-1128565,2025-12-25T19:13:29.805692+00:00,,"['Software', 'Design', 'System', 'Support', 'Testing', 'C++', 'Engineer']",Product
1128569,Retired.com,Tech Recruiter,Remote,"['Cryptocurrency', 'HR', 'Technical', 'Recruiter', 'Support', 'Software', 'Growth', 'Financial', 'Fintech', 'Lead', 'Operations', 'Recruiting', 'Recruitment', 'Branding']",https://remoteok.com/remote-jobs/remote-tech-recruiter-retired-com-1128569,2025-12-25T19:13:29.805692+00:00,,"['Cryptocurrency', 'HR', 'Technical', 'Recruiter', 'Support', 'Software', 'Growth', 'Financial', 'Fintech', 'Lead', 'Operations', 'Recruiting', 'Recruitment', 'Branding']",Growth/Ops
1128571,3Pillar,Senior Data Engineer,Remote,"['Python', 'Software', 'Growth', 'Code', 'Java', 'Cloud', 'NoSQL', 'Management', 'Senior', 'Junior', 'Analytics', 'Health', 'Engineer', 'Engineering']",https://remoteok.com/remote-jobs/remote-senior-data-engineer-3pillar-1128571,2025-12-25T19:13:29.805692+00:00,,"['Python', 'Software', 'Growth', 'Code', 'Java', 'Cloud', 'NoSQL', 'Management', 'Senior', 'Junior', 'Analytics', 'Health', 'Engineer', 'Engineering']",Backend/Core
1128572,Invisible Agency,Full Stack Engineer Specialist,Remote,"['Front End', 'Full-Stack', 'Developer', 'Software', 'Engineer', 'Engineering']",https://remoteok.com/remote-jobs/remote-full-stack-engineer-specialist-invisible-agency-1128572,2025-12-25T19:13:29.805692+00:00,,"['Front End', 'Full-Stack', 'Developer', 'Software', 'Engineer', 'Engineering']",Full Stack
1128573,Sayari,Forward Deployed Engineer,Remote,"['Python', 'Director', 'Financial', 'Investment', 'Cloud', 'API', 'Analytics', 'Sales', 'Engineer', 'Engineering']",https://remoteok.com/remote-jobs/remote-forward-deployed-engineer-sayari-1128573,2025-12-25T19:13:29.805692+00:00,,"['Python', 'Director', 'Financial', 'Investment', 'Cloud', 'API', 'Analytics', 'Sales', 'Engineer', 'Engineering']",Research/Specialized
1128575,Invisible Agency,Data Scientist Specialist,Remote,"['Design', 'Software']",https://remoteok.com/remote-jobs/remote-data-scientist-specialist-invisible-agency-1128575,2025-12-25T19:13:29.805692+00:00,,"['Design', 'Software']",Full Stack
1128577,Doran Jones Inc.,Service Level & Availability Manager,Remote,"['Manager', 'System', 'Technical', 'Support', 'Cloud', 'Management', 'Operations', 'Operational', 'Analytics', 'Reliability', 'Health']",https://remoteok.com/remote-jobs/remote-service-level-amp-availability-manager-doran-jones-inc-1128577,2025-12-26T06:39:12.373081+00:00,0ed09d87-6617-4a88-9446-c67af92721d6,"['Manager', 'System', 'Technical', 'Support', 'Cloud', 'Management', 'Operations', 'Operational', 'Analytics', 'Reliability', 'Health']",Growth/Ops
1128579,174 Power Global,Senior Manager Estimation,Remote,"['Manager', 'Ceo', 'Support', 'Travel', 'Management', 'Lead', 'Senior', 'Non Tech']",https://remoteok.com/remote-jobs/remote-senior-manager-estimation-174-power-global-1128579,2025-12-26T06:39:12.373081+00:00,0ed09d87-6617-4a88-9446-c67af92721d6,"['Manager', 'Ceo', 'Support', 'Travel', 'Management', 'Lead', 'Senior', 'Non Tech']",Growth/Ops
1128691,ExtraHop,Senior Sales Engineer Commercial,Remote,"['Design', 'Security', 'Technical', 'Support', 'Growth', 'Management', 'Lead', 'Senior', 'Sales', 'Engineer', 'Engineering']",https://remoteok.com/remote-jobs/remote-senior-sales-engineer-commercial-extrahop-1128691,2025-12-26T12:00:39.166042+00:00,d81545ce-bc72-4430-bcd2-d891e8ae772c,"['Design', 'Security', 'Technical', 'Support', 'Growth', 'Management', 'Lead', 'Senior', 'Sales', 'Engineer', 'Engineering']",DevOps
1128647,Cribl,Solutions Engineering Manager ANZ,Remote,"['Manager', 'Security', 'Teach', 'Technical', 'Travel', 'Edu', 'Management', 'Lead', 'Sales', 'Engineering', 'Executive']",https://remoteok.com/remote-jobs/remote-solutions-engineering-manager-anz-cribl-1128647,2025-12-26T12:00:39.166042+00:00,d81545ce-bc72-4430-bcd2-d891e8ae772c,"['Manager', 'Security', 'Teach', 'Technical', 'Travel', 'Edu', 'Management', 'Lead', 'Sales', 'Engineering', 'Executive']",DevOps
1128650,Pano AI,Computer Vision Applied Scientist,Remote,"['Salesforce', 'Python', '3d', 'Technical', 'Software', 'Cloud', 'Leader', 'Health', 'Recruiting']",https://remoteok.com/remote-jobs/remote-computer-vision-applied-scientist-pano-ai-1128650,2025-12-26T12:00:39.166042+00:00,d81545ce-bc72-4430-bcd2-d891e8ae772c,"['Salesforce', 'Python', '3d', 'Technical', 'Software', 'Cloud', 'Leader', 'Health', 'Recruiting']",Full Stack
1128652,Datadog,Partner Manager Channels,Remote,['Manager'],https://remoteok.com/remote-jobs/remote-partner-manager-channels-datadog-1128652,2025-12-26T12:00:39.166042+00:00,d81545ce-bc72-4430-bcd2-d891e8ae772c,['Manager'],Full Stack
1128653,CloudWalk,Automation and Reporting Analyst,Remote,"['Analyst', 'Web', 'Fintech', 'Cloud', 'Engineering']",https://remoteok.com/remote-jobs/remote-automation-and-reporting-analyst-cloudwalk-1128653,2025-12-26T12:00:39.166042+00:00,d81545ce-bc72-4430-bcd2-d891e8ae772c,"['Analyst', 'Web', 'Fintech', 'Cloud', 'Engineering']",DevOps
1128655,Influ2,Account Executive,Remote,"['Salesforce', 'Support', 'Software', 'Travel', 'Marketing', 'Sales', 'Health', 'Executive']",https://remoteok.com/remote-jobs/remote-account-executive-influ2-1128655,2025-12-26T12:00:39.166042+00:00,d81545ce-bc72-4430-bcd2-d891e8ae772c,"['Salesforce', 'Support', 'Software', 'Travel', 'Marketing', 'Sales', 'Health', 'Executive']",DevOps
1128656,Sayari,Forward Deployed Engineer Analyst Government Services,Remote,"['Analyst', 'Technical', 'Software', 'Code', 'Financial', 'Investment', 'Finance', 'Engineer', 'Engineering']",https://remoteok.com/remote-jobs/remote-forward-deployed-engineer-analyst-government-services-sayari-1128656,2025-12-26T12:00:39.166042+00:00,d81545ce-bc72-4430-bcd2-d891e8ae772c,"['Analyst', 'Technical', 'Software', 'Code', 'Financial', 'Investment', 'Finance', 'Engineer', 'Engineering']",Research/Specialized
1128658,Datadog,Senior Partner Manager Alliances,Remote,"['Manager', 'Senior']",https://remoteok.com/remote-jobs/remote-senior-partner-manager-alliances-datadog-1128658,2025-12-26T12:00:39.166042+00:00,d81545ce-bc72-4430-bcd2-d891e8ae772c,"['Manager', 'Senior']",Full Stack
1128661,CTI,Cyber Security Subject Matter Expert,Remote,"['Security', 'System', 'Technical', 'Support', 'Management', 'Operational', 'Engineering']",https://remoteok.com/remote-jobs/remote-cyber-security-subject-matter-expert-cti-1128661,2025-12-26T12:00:39.166042+00:00,d81545ce-bc72-4430-bcd2-d891e8ae772c,"['Security', 'System', 'Technical', 'Support', 'Management', 'Operational', 'Engineering']",Backend/Core
1128664,Tech Innovations Inc.,Software Engineer,Remote,"['Software', 'Code', 'C++', 'Engineer']",https://remoteok.com/remote-jobs/remote-software-engineer-tech-innovations-inc-1128664,2025-12-26T12:00:39.166042+00:00,d81545ce-bc72-4430-bcd2-d891e8ae772c,"['Software', 'Code', 'C++', 'Engineer']",Full Stack
1128665,Kepler Group,Associate Creative Director,Remote,"['Director', 'Design', '3d', 'Growth', 'Video', 'Investment', 'Leader', 'Marketing']",https://remoteok.com/remote-jobs/remote-associate-creative-director-kepler-group-1128665,2025-12-26T12:00:39.166042+00:00,d81545ce-bc72-4430-bcd2-d891e8ae772c,"['Director', 'Design', '3d', 'Growth', 'Video', 'Investment', 'Leader', 'Marketing']",DevOps
1128667,Weekday,Scientific Content Evaluator Physics,Remote,"['Technical', 'Content', 'Engineering', 'Part-Time']",https://remoteok.com/remote-jobs/remote-scientific-content-evaluator-physics-weekday-1128667,2025-12-26T12:00:39.166042+00:00,d81545ce-bc72-4430-bcd2-d891e8ae772c,"['Technical', 'Content', 'Engineering', 'Part-Time']",DevOps
1128668,Coforma,Principal Software Engineer,Remote,"['Software', 'Design', 'GraphQL', 'Front-End', 'Back-End', 'Security', 'Training', 'Full-Stack', 'Technical', 'Growth', 'Code', 'Web', 'Travel', 'Voice', 'Manager', 'Cloud', 'API', 'Leader', 'Strategy', 'Management', 'Lead', 'Operations', 'Engineer', 'Engineering', 'Executive']",https://remoteok.com/remote-jobs/remote-principal-software-engineer-coforma-1128668,2025-12-26T12:00:39.166042+00:00,d81545ce-bc72-4430-bcd2-d891e8ae772c,"['Software', 'Design', 'GraphQL', 'Front-End', 'Back-End', 'Security', 'Training', 'Full-Stack', 'Technical', 'Growth', 'Code', 'Web', 'Travel', 'Voice', 'Manager', 'Cloud', 'API', 'Leader', 'Strategy', 'Management', 'Lead', 'Operations', 'Engineer', 'Engineering', 'Executive']",Data & AI
1128670,Weekday,Scientific Content Evaluator Chemistry,Remote,"['Technical', 'Content', 'Health', 'Part-Time']",https://remoteok.com/remote-jobs/remote-scientific-content-evaluator-chemistry-weekday-1128670,2025-12-26T12:00:39.166042+00:00,d81545ce-bc72-4430-bcd2-d891e8ae772c,"['Technical', 'Content', 'Health', 'Part-Time']",Full Stack
1128671,CI&T,job 24824 Junior Drupal Developer Brazil,Remote,"['Developer', 'Design', 'Front-End', 'Front End', 'Support', 'Web', 'Drupal', 'Junior', 'Operational', 'Health', 'Healthcare']",https://remoteok.com/remote-jobs/remote-job-24824-junior-drupal-developer-brazil-ciampt-1128671,2025-12-26T12:00:39.166042+00:00,d81545ce-bc72-4430-bcd2-d891e8ae772c,"['Developer', 'Design', 'Front-End', 'Front End', 'Support', 'Web', 'Drupal', 'Junior', 'Operational', 'Health', 'Healthcare']",Growth/Ops
1128673,Ava Labs,Technical Product Manager AvaCloud,Remote,"['Manager', 'Design', 'Web3', 'Technical', 'Growth', 'Marketing']",https://remoteok.com/remote-jobs/remote-technical-product-manager-avacloud-ava-labs-1128673,2025-12-26T12:00:39.166042+00:00,d81545ce-bc72-4430-bcd2-d891e8ae772c,"['Manager', 'Design', 'Web3', 'Technical', 'Growth', 'Marketing']",DevOps
1128646,9th Way Insignia,Technical Architect,Remote,"['Architect', 'Security', 'Training', 'Technical', 'Support', 'Software', 'Analyst', 'Accounting', 'Cloud', 'Engineer']",https://remoteok.com/remote-jobs/remote-technical-architect-9th-way-insignia-1128646,2025-12-26T12:00:39.166042+00:00,d81545ce-bc72-4430-bcd2-d891e8ae772c,"['Architect', 'Security', 'Training', 'Technical', 'Support', 'Software', 'Analyst', 'Accounting', 'Cloud', 'Engineer']",Backend/Core
1128680,"Pathward, N.A.",Program Delivery Director,Remote,"['Director', 'Support', 'Financial', 'Leader', 'Senior']",https://remoteok.com/remote-jobs/remote-program-delivery-director-pathward-n-a-1128680,2025-12-26T12:00:39.166042+00:00,d81545ce-bc72-4430-bcd2-d891e8ae772c,"['Director', 'Support', 'Financial', 'Leader', 'Senior']",Research/Specialized
1128645,Zscaler Red Canary,Sales Engineer,Remote,"['Security', 'Cloud', 'Sales', 'Engineer', 'Engineering']",https://remoteok.com/remote-jobs/remote-sales-engineer-zscaler-red-canary-1128645,2025-12-26T12:00:39.166042+00:00,d81545ce-bc72-4430-bcd2-d891e8ae772c,"['Security', 'Cloud', 'Sales', 'Engineer', 'Engineering']",Backend/Core
1128639,AudioEye,Staff Software Engineer,Remote,"['Software', 'Technical', 'Web', 'Content', 'Junior', 'Engineer']",https://remoteok.com/remote-jobs/remote-staff-software-engineer-audioeye-1128639,2025-12-26T12:00:39.166042+00:00,d81545ce-bc72-4430-bcd2-d891e8ae772c,"['Software', 'Technical', 'Web', 'Content', 'Junior', 'Engineer']",Full Stack
1128580,Invisible Agency,Backend Engineer Specialist,Remote,"['Cloud', 'Engineer', 'Backend']",https://remoteok.com/remote-jobs/remote-backend-engineer-specialist-invisible-agency-1128580,2025-12-26T12:00:39.166042+00:00,d81545ce-bc72-4430-bcd2-d891e8ae772c,"['Cloud', 'Engineer', 'Backend']",Full Stack
1128581,Invisible Agency,Infra DevOps Engineer Specialist,Remote,"['Technical', 'Software', 'DevOps', 'Cloud', 'Engineer', 'Engineering']",https://remoteok.com/remote-jobs/remote-infra-devops-engineer-specialist-invisible-agency-1128581,2025-12-26T12:00:39.166042+00:00,d81545ce-bc72-4430-bcd2-d891e8ae772c,"['Technical', 'Software', 'DevOps', 'Cloud', 'Engineer', 'Engineering']",Backend/Core
1128584,Tech Innovations Inc.,Software Engineer,Remote,"['Software', 'Code', 'Engineer']",https://remoteok.com/remote-jobs/remote-software-engineer-tech-innovations-inc-1128584,2025-12-26T12:00:39.166042+00:00,d81545ce-bc72-4430-bcd2-d891e8ae772c,"['Software', 'Code', 'Engineer']",Full Stack
1128586,Alpen Labs,Business Operations Manager,Remote,"['Manager', 'Bitcoin', 'Coo', 'Financial', 'Investor', 'Finance', 'Rails', 'Operations', 'Operational', 'Legal', 'Non Tech']",https://remoteok.com/remote-jobs/remote-business-operations-manager-alpen-labs-1128586,2025-12-26T12:00:39.166042+00:00,d81545ce-bc72-4430-bcd2-d891e8ae772c,"['Manager', 'Bitcoin', 'Coo', 'Financial', 'Investor', 'Finance', 'Rails', 'Operations', 'Operational', 'Legal', 'Non Tech']",Research/Specialized
1128587,bloXroute Labs,Sales Engineer,Remote,"['Technical', 'Support', 'Sales', 'Engineer', 'Engineering']",https://remoteok.com/remote-jobs/remote-sales-engineer-bloxroute-labs-1128587,2025-12-26T12:00:39.166042+00:00,d81545ce-bc72-4430-bcd2-d891e8ae772c,"['Technical', 'Support', 'Sales', 'Engineer', 'Engineering']",Backend/Core
1128606,Clarify Health,Data Analytics Associate,Remote,"['System', 'Consulting', 'Support', 'Software', 'Management', 'Analytics', 'Medical', 'Health', 'Healthcare']",https://remoteok.com/remote-jobs/remote-data-analytics-associate-clarify-health-1128606,2025-12-26T12:00:39.166042+00:00,d81545ce-bc72-4430-bcd2-d891e8ae772c,"['System', 'Consulting', 'Support', 'Software', 'Management', 'Analytics', 'Medical', 'Health', 'Healthcare']",Growth/Ops
1128613,Subzero Labs,Technical Project Manager,Remote,"['Manager', 'Web3', 'Crypto', 'Technical', 'Support', 'Developer', 'Software', 'UX', 'Management', 'Engineer', 'Engineering']",https://remoteok.com/remote-jobs/remote-technical-project-manager-subzero-labs-1128613,2025-12-26T12:00:39.166042+00:00,d81545ce-bc72-4430-bcd2-d891e8ae772c,"['Manager', 'Web3', 'Crypto', 'Technical', 'Support', 'Developer', 'Software', 'UX', 'Management', 'Engineer', 'Engineering']",Backend/Core
1128627,"Loka, Inc",Senior DevOps Engineer,"LatAm, North Macedonia, Portugal, Serbia","['Design', 'Security', 'Python', 'Technical', 'Support', 'DevOps', 'Serverless', 'Cloud', 'Typescript', 'Senior', 'Engineer']",https://remoteok.com/remote-jobs/remote-senior-devops-engineer-loka-inc-1128627,2025-12-26T12:00:39.166042+00:00,d81545ce-bc72-4430-bcd2-d891e8ae772c,"['Design', 'Security', 'Python', 'Technical', 'Support', 'DevOps', 'Serverless', 'Cloud', 'Typescript', 'Senior', 'Engineer']",Backend/Core
1128628,HiddenLayer,AI Red Teamer,Remote,"['Design', 'Security', 'Software', 'Testing', 'Investment', 'Operations']",https://remoteok.com/remote-jobs/remote-ai-red-teamer-hiddenlayer-1128628,2025-12-26T12:00:39.166042+00:00,d81545ce-bc72-4430-bcd2-d891e8ae772c,"['Design', 'Security', 'Software', 'Testing', 'Investment', 'Operations']",Full Stack
1128630,Convox,Backend Engineer,Remote,"['Golang', 'Engineer', 'Backend']",https://remoteok.com/remote-jobs/remote-backend-engineer-convox-1128630,2025-12-26T12:00:39.166042+00:00,d81545ce-bc72-4430-bcd2-d891e8ae772c,"['Golang', 'Engineer', 'Backend']",Full Stack
1128632,Uniswap Labs,Senior Application Security Engineer,Remote,"['Security', 'Design', 'Defi', 'Crypto', 'Python', 'Developer', 'Testing', 'Code', 'Cloud', 'Lead', 'Senior', 'Engineer', 'Engineering', 'Backend']",https://remoteok.com/remote-jobs/remote-senior-application-security-engineer-uniswap-labs-1128632,2025-12-26T12:00:39.166042+00:00,d81545ce-bc72-4430-bcd2-d891e8ae772c,"['Security', 'Design', 'Defi', 'Crypto', 'Python', 'Developer', 'Testing', 'Code', 'Cloud', 'Lead', 'Senior', 'Engineer', 'Engineering', 'Backend']",Data & AI
1128633,Sei Labs,Solutions Engineer Web3,Remote,"['Web3', 'Design', 'Crypto', 'Training', 'Consult', 'Architect', 'Technical', 'Support', 'Financial', 'Lead', 'Engineer', 'Engineering']",https://remoteok.com/remote-jobs/remote-solutions-engineer-web3-sei-labs-1128633,2025-12-26T12:00:39.166042+00:00,d81545ce-bc72-4430-bcd2-d891e8ae772c,"['Web3', 'Design', 'Crypto', 'Training', 'Consult', 'Architect', 'Technical', 'Support', 'Financial', 'Lead', 'Engineer', 'Engineering']",Research/Specialized
1128636,Wiz,Senior Solutions Engineer,Remote,"['Security', 'Cloud', 'Senior', 'Engineer']",https://remoteok.com/remote-jobs/remote-senior-solutions-engineer-wiz-1128636,2025-12-26T12:00:39.166042+00:00,d81545ce-bc72-4430-bcd2-d891e8ae772c,"['Security', 'Cloud', 'Senior', 'Engineer']",Full Stack
1128637,AudioEye,Software Engineer,Remote,"['Software', 'Technical', 'Web', 'Content', 'Engineer', 'Engineering']",https://remoteok.com/remote-jobs/remote-software-engineer-audioeye-1128637,2025-12-26T12:00:39.166042+00:00,d81545ce-bc72-4430-bcd2-d891e8ae772c,"['Software', 'Technical', 'Web', 'Content', 'Engineer', 'Engineering']",Full Stack
1128641,LogicGate,Product Manager,Remote,"['Manager', 'Design', 'Technical', 'Software', 'Cloud', 'Leader', 'Management', 'Senior', 'Reliability', 'Engineering']",https://remoteok.com/remote-jobs/remote-product-manager-logicgate-1128641,2025-12-26T12:00:39.166042+00:00,d81545ce-bc72-4430-bcd2-d891e8ae772c,"['Manager', 'Design', 'Technical', 'Software', 'Cloud', 'Leader', 'Management', 'Senior', 'Reliability', 'Engineering']",DevOps
1128681,ChowNow,Senior Data Engineer,Remote,"['Support', 'Mobile', 'Senior', 'Sales', 'Engineer']",https://remoteok.com/remote-jobs/remote-senior-data-engineer-chownow-1128681,2025-12-26T12:00:39.166042+00:00,d81545ce-bc72-4430-bcd2-d891e8ae772c,"['Support', 'Mobile', 'Senior', 'Sales', 'Engineer']",Full Stack
1128685,Flock Safety,Senior Systems Engineer Hybrid Intelligent Systems,Remote,"['Design', 'System', 'Security', 'Python', 'Full-Stack', 'Recruiter', 'Software', 'Cloud', 'Lead', 'Senior', 'Sales', 'Health', 'Engineer']",https://remoteok.com/remote-jobs/remote-senior-systems-engineer-hybrid-intelligent-systems-flock-safety-1128685,2025-12-26T12:00:39.166042+00:00,d81545ce-bc72-4430-bcd2-d891e8ae772c,"['Design', 'System', 'Security', 'Python', 'Full-Stack', 'Recruiter', 'Software', 'Cloud', 'Lead', 'Senior', 'Sales', 'Health', 'Engineer']",Backend/Core
1128683,Goodway Group,Automation Engineer Contract,Remote,"['Security', 'Consulting', 'Operational', 'Marketing', 'Reliability', 'Engineer']",https://remoteok.com/remote-jobs/remote-automation-engineer-contract-goodway-group-1128683,2025-12-26T12:00:39.166042+00:00,d81545ce-bc72-4430-bcd2-d891e8ae772c,"['Security', 'Consulting', 'Operational', 'Marketing', 'Reliability', 'Engineer']",Full Stack
1128690,ClickHouse,Principal Product Manager ClickHouse Cloud,Remote,"['Manager', 'Support', 'Cloud', 'Sales', 'Engineering', 'Non Tech']",https://remoteok.com/remote-jobs/remote-principal-product-manager-clickhouse-cloud-clickhouse-1128690,2025-12-26T12:00:39.166042+00:00,d81545ce-bc72-4430-bcd2-d891e8ae772c,"['Manager', 'Support', 'Cloud', 'Sales', 'Engineering', 'Non Tech']",DevOps
1128692,Appspace,Sales Engineer,Remote,"['Technical', 'Support', 'Lead', 'Sales', 'Engineer']",https://remoteok.com/remote-jobs/remote-sales-engineer-appspace-1128692,2025-12-26T12:00:39.166042+00:00,d81545ce-bc72-4430-bcd2-d891e8ae772c,"['Technical', 'Support', 'Lead', 'Sales', 'Engineer']",DevOps
1128700,Cake,Senior Software Engineer Full Stack,Remote,"['Software', 'Front-End', 'Technical', 'Code', 'Senior', 'Reliability', 'Go', 'Engineer', 'Engineering', 'Backend']",https://remoteok.com/remote-jobs/remote-senior-software-engineer-full-stack-cake-1128700,2025-12-26T12:00:39.166042+00:00,d81545ce-bc72-4430-bcd2-d891e8ae772c,"['Software', 'Front-End', 'Technical', 'Code', 'Senior', 'Reliability', 'Go', 'Engineer', 'Engineering', 'Backend']",Security
1128707,Vannevar Labs,Senior Full stack Engineer,Remote,"['Technical', 'Software', 'UX', 'Senior', 'Engineer', 'Fullstack']",https://remoteok.com/remote-jobs/remote-senior-full-stack-engineer-vannevar-labs-1128707,2025-12-26T12:00:39.166042+00:00,d81545ce-bc72-4430-bcd2-d891e8ae772c,"['Technical', 'Software', 'UX', 'Senior', 'Engineer', 'Fullstack']",Full Stack
1128708,Oowlish Technology,Frontend Software Engineer Digital Health,Remote,"['Front End', 'Software', 'Design', 'System', 'Testing', 'Growth', 'UI', 'Code', 'Web', 'Quality Assurance', 'Git', 'Angular', 'Mobile', 'Health', 'Healthcare', 'Engineer', 'Engineering', 'Backend']",https://remoteok.com/remote-jobs/remote-frontend-software-engineer-digital-health-oowlish-technology-1128708,2025-12-26T12:00:39.166042+00:00,d81545ce-bc72-4430-bcd2-d891e8ae772c,"['Front End', 'Software', 'Design', 'System', 'Testing', 'Growth', 'UI', 'Code', 'Web', 'Quality Assurance', 'Git', 'Angular', 'Mobile', 'Health', 'Healthcare', 'Engineer', 'Engineering', 'Backend']",Data & AI
1128712,Datadog,Enterprise Sales Engineer,Remote,"['Sales', 'Engineer']",https://remoteok.com/remote-jobs/remote-enterprise-sales-engineer-datadog-1128712,2025-12-26T12:00:39.166042+00:00,d81545ce-bc72-4430-bcd2-d891e8ae772c,"['Sales', 'Engineer']",Full Stack
1128714,MCG Health,Senior Gen AI Engineer Salesforce Platform,Remote,"['Salesforce', 'Full-Stack', 'Technical', 'Web', 'Manager', 'Lead', 'Content', 'Senior', 'Operations', 'Medical', 'Healthcare', 'Engineer']",https://remoteok.com/remote-jobs/remote-senior-gen-ai-engineer-salesforce-platform-mcg-health-1128714,2025-12-26T12:00:39.166042+00:00,d81545ce-bc72-4430-bcd2-d891e8ae772c,"['Salesforce', 'Full-Stack', 'Technical', 'Web', 'Manager', 'Lead', 'Content', 'Senior', 'Operations', 'Medical', 'Healthcare', 'Engineer']",Full Stack
1128716,3Pillar,Senior Software Engineer Node.js,Remote,"['Software', 'Design', 'System', 'Front End', 'Architect', 'Docker', 'Technical', 'Growth', 'Code', 'Serverless', 'Node. JS', 'API', 'Senior', 'Junior', 'Health', 'Engineer', 'Engineering', 'Backend']",https://remoteok.com/remote-jobs/remote-senior-software-engineer-node-js-3pillar-1128716,2025-12-26T12:00:39.166042+00:00,d81545ce-bc72-4430-bcd2-d891e8ae772c,"['Software', 'Design', 'System', 'Front End', 'Architect', 'Docker', 'Technical', 'Growth', 'Code', 'Serverless', 'Node. JS', 'API', 'Senior', 'Junior', 'Health', 'Engineer', 'Engineering', 'Backend']",Security
1128717,DoorDash,Software Engineer Proactive Security,Remote,"['Security', 'Software', 'Design', 'System', 'Support', 'Manager', 'Cloud', 'Lead', 'Engineer', 'Engineering']",https://remoteok.com/remote-jobs/remote-software-engineer-proactive-security-doordash-1128717,2025-12-26T12:00:39.166042+00:00,d81545ce-bc72-4430-bcd2-d891e8ae772c,"['Security', 'Software', 'Design', 'System', 'Support', 'Manager', 'Cloud', 'Lead', 'Engineer', 'Engineering']",Backend/Core
1128722,Trexon,A&D Sales Manager,Remote,"['Manager', 'System', 'Technical', 'Growth', 'Sales', 'Engineering']",https://remoteok.com/remote-jobs/remote-ad-sales-manager-trexon-1128722,2025-12-26T12:00:39.166042+00:00,d81545ce-bc72-4430-bcd2-d891e8ae772c,"['Manager', 'System', 'Technical', 'Growth', 'Sales', 'Engineering']",DevOps
1128724,Provectus,ML Solutions Architect,Remote,"['Architect', 'Design', 'System', 'Security', 'Technical', 'Support', 'DevOps', 'Serverless', 'Cloud', 'API', 'Lead']",https://remoteok.com/remote-jobs/remote-ml-solutions-architect-provectus-1128724,2025-12-26T12:00:39.166042+00:00,d81545ce-bc72-4430-bcd2-d891e8ae772c,"['Architect', 'Design', 'System', 'Security', 'Technical', 'Support', 'DevOps', 'Serverless', 'Cloud', 'API', 'Lead']",Backend/Core
1128725,Tech Innovations Inc.,Software Engineer,Remote,"['Software', 'React', 'Web', 'Engineer', 'Full-Time']",https://remoteok.com/remote-jobs/remote-software-engineer-tech-innovations-inc-1128725,2025-12-26T12:00:39.166042+00:00,d81545ce-bc72-4430-bcd2-d891e8ae772c,"['Software', 'React', 'Web', 'Engineer', 'Full-Time']",Full Stack
1128734,Anchorage Digital,Member of Product Design Digital Assets,Remote,"['Design', 'iOS', 'Crypto', 'Security', 'Technical', 'Growth', 'Web', 'Financial', 'Finance', 'Bank', 'Strategy', 'Lead', 'Senior', 'Legal', 'Engineering']",https://remoteok.com/remote-jobs/remote-member-of-product-design-digital-assets-anchorage-digital-1128734,2025-12-26T13:03:35.546962+00:00,4f45702b-eea0-4528-9f52-01e183c923f9,"['Design', 'iOS', 'Crypto', 'Security', 'Technical', 'Growth', 'Web', 'Financial', 'Finance', 'Bank', 'Strategy', 'Lead', 'Senior', 'Legal', 'Engineering']",DevOps
1128730,ConductorOne,Technical Product Manager Connectors,Remote,"['Manager', 'SaaS', 'Security', 'Technical', 'Developer', 'Testing', 'Test', 'API', 'Management', 'Excel', 'Engineering']",https://remoteok.com/remote-jobs/remote-technical-product-manager-connectors-conductorone-1128730,2025-12-26T13:03:35.546962+00:00,4f45702b-eea0-4528-9f52-01e183c923f9,"['Manager', 'SaaS', 'Security', 'Technical', 'Developer', 'Testing', 'Test', 'API', 'Management', 'Excel', 'Engineering']",DevOps
1128728,Supabase,Frontend Engineer,Remote,"['Front End', 'Technical', 'Developer', 'Testing', 'Video', 'Edu', 'Content', 'Go', 'Health', 'Engineer', 'Engineering']",https://remoteok.com/remote-jobs/remote-frontend-engineer-supabase-1128728,2025-12-26T13:03:35.546962+00:00,4f45702b-eea0-4528-9f52-01e183c923f9,"['Front End', 'Technical', 'Developer', 'Testing', 'Video', 'Edu', 'Content', 'Go', 'Health', 'Engineer', 'Engineering']",Full Stack
1129097,Tratta,Senior Product Designer,Remote,"['Senior', 'Design', 'Product Designer', 'Product']",https://remoteok.com/remote-jobs/remote-senior-product-designer-tratta-1129097,2025-12-27T06:30:11.944871+00:00,05e10419-738a-4e0a-92d5-e6c9fc897b3d,"['Senior', 'Design', 'Product Designer', 'Product']",Full Stack
1128737,Tech Innovations Inc.,Software Engineer,Remote,"['Software', 'Health', 'Engineer']",https://remoteok.com/remote-jobs/remote-software-engineer-tech-innovations-inc-1128737,2025-12-27T18:27:35.878597+00:00,61d8b9aa-cd47-46c6-a7f5-690abeeb593c,"['Software', 'Health', 'Engineer']",Full Stack
1128736,bloXroute Labs,Technical Product Manager,"New York, New York","['Manager', 'Design', 'Defi', 'Technical', 'API', 'Strategy', 'Management', 'Analytics']",https://remoteok.com/remote-jobs/remote-technical-product-manager-bloxroute-labs-1128736,2025-12-27T18:27:35.878597+00:00,61d8b9aa-cd47-46c6-a7f5-690abeeb593c,"['Manager', 'Design', 'Defi', 'Technical', 'API', 'Strategy', 'Management', 'Analytics']",Growth/Ops
1128773,Inductive Automation,Senior Software Engineer I,Remote,"['Software', 'Senior', 'Engineer', 'Full-Time']",https://remoteok.com/remote-jobs/remote-senior-software-engineer-i-inductive-automation-1128773,2025-12-29T06:34:09.313073+00:00,e79d879b-45d7-4b19-84b9-571980f27e3f,"['Software', 'Senior', 'Engineer', 'Full-Time']",Full Stack
1128772,Character Bio,Software Engineer,Remote,"['Software', 'Design', 'Front End', 'Django', 'Technical', 'Support', 'Web', 'Cloud', 'Content', 'Healthcare', 'Engineer', 'Full-Time']",https://remoteok.com/remote-jobs/remote-software-engineer-character-bio-1128772,2025-12-29T06:34:09.313073+00:00,e79d879b-45d7-4b19-84b9-571980f27e3f,"['Software', 'Design', 'Front End', 'Django', 'Technical', 'Support', 'Web', 'Cloud', 'Content', 'Healthcare', 'Engineer', 'Full-Time']",Data & AI
1128770,BNSF Railway,Sr Staff Infrastructure Software Engineer,Remote,"['Golang', 'Software', 'Engineer']",https://remoteok.com/remote-jobs/remote-sr-staff-infrastructure-software-engineer-bnsf-railway-1128770,2025-12-29T06:34:09.313073+00:00,e79d879b-45d7-4b19-84b9-571980f27e3f,"['Golang', 'Software', 'Engineer']",Full Stack
1128767,Nansen.ai,Data Engineer,Remote,"['Web3', 'Crypto', 'Full-Stack', 'Technical', 'Analytics', 'Engineer']",https://remoteok.com/remote-jobs/remote-data-engineer-nansen-ai-1128767,2025-12-29T06:34:09.313073+00:00,e79d879b-45d7-4b19-84b9-571980f27e3f,"['Web3', 'Crypto', 'Full-Stack', 'Technical', 'Analytics', 'Engineer']",Full Stack
1128765,Honeycomb,Observability Engineer,Remote,['Engineer'],https://remoteok.com/remote-jobs/remote-observability-engineer-honeycomb-1128765,2025-12-29T06:34:09.313073+00:00,e79d879b-45d7-4b19-84b9-571980f27e3f,['Engineer'],Full Stack
1128764,Group IB,Senior Golang Developer,Remote,"['Golang', 'Developer', 'Senior', 'Golang', 'Engineering', 'Backend']",https://remoteok.com/remote-jobs/remote-senior-golang-developer-group-ib-1128764,2025-12-29T06:34:09.313073+00:00,e79d879b-45d7-4b19-84b9-571980f27e3f,"['Golang', 'Developer', 'Senior', 'Golang', 'Engineering', 'Backend']",Full Stack
1128762,Tech Innovations Inc.,Software Engineer,Remote,"['Software', 'Web', 'Engineer']",https://remoteok.com/remote-jobs/remote-software-engineer-tech-innovations-inc-1128762,2025-12-29T06:34:09.313073+00:00,e79d879b-45d7-4b19-84b9-571980f27e3f,"['Software', 'Web', 'Engineer']",Full Stack
1128760,Tech Innovations Inc.,Software Engineer,Remote,"['Software', 'Web', 'Engineer']",https://remoteok.com/remote-jobs/remote-software-engineer-tech-innovations-inc-1128760,2025-12-29T06:34:09.313073+00:00,e79d879b-45d7-4b19-84b9-571980f27e3f,"['Software', 'Web', 'Engineer']",Full Stack
1128753,Metronome,Technical Support Manager,Remote,"['Manager', 'Technical', 'Support', 'Software', 'Growth', 'Finance', 'Lead', 'Operational']",https://remoteok.com/remote-jobs/remote-technical-support-manager-metronome-1128753,2025-12-29T06:34:09.313073+00:00,e79d879b-45d7-4b19-84b9-571980f27e3f,"['Manager', 'Technical', 'Support', 'Software', 'Growth', 'Finance', 'Lead', 'Operational']",Growth/Ops
1128741,ARB Interactive,Senior Data Engineer,Remote,"['Security', 'Python', 'Game', 'Technical', 'Support', 'Code', 'Banking', 'Management', 'Senior', 'Junior', 'Analytics', 'Recruiting', 'Engineer', 'Engineering', 'Recruitment']",https://remoteok.com/remote-jobs/remote-senior-data-engineer-arb-interactive-1128741,2025-12-29T06:34:09.313073+00:00,e79d879b-45d7-4b19-84b9-571980f27e3f,"['Security', 'Python', 'Game', 'Technical', 'Support', 'Code', 'Banking', 'Management', 'Senior', 'Junior', 'Analytics', 'Recruiting', 'Engineer', 'Engineering', 'Recruitment']",Backend/Core
1128830,Esri,Principal Product Engineer Digital Twins,Remote,"['3d', 'Strategist', 'Software', 'UX', 'Engineer']",https://remoteok.com/remote-jobs/remote-principal-product-engineer-digital-twins-esri-1128830,2025-12-30T06:32:36.335442+00:00,bf69ef73-ba72-4748-b485-912ed104575e,"['3d', 'Strategist', 'Software', 'UX', 'Engineer']",Full Stack
1128825,Gensyn,Application Security Engineer,Remote,"['Security', 'Design', 'Web3', 'Crypto', 'Web', 'Strategy', 'Engineer']",https://remoteok.com/remote-jobs/remote-application-security-engineer-gensyn-1128825,2025-12-30T06:32:36.335442+00:00,bf69ef73-ba72-4748-b485-912ed104575e,"['Security', 'Design', 'Web3', 'Crypto', 'Web', 'Strategy', 'Engineer']",Full Stack
1128824,Connectly,EU GO Senior Software Engineer,Remote,"['Software', 'System', 'Front End', 'Python', 'Technical', 'Code', 'Cloud', 'API', 'Strategy', 'Senior', 'Operational', 'Excel', 'Go', 'Engineer', 'Engineering', 'Backend']",https://remoteok.com/remote-jobs/remote-eu-go-senior-software-engineer-connectly-1128824,2025-12-30T06:32:36.335442+00:00,bf69ef73-ba72-4748-b485-912ed104575e,"['Software', 'System', 'Front End', 'Python', 'Technical', 'Code', 'Cloud', 'API', 'Strategy', 'Senior', 'Operational', 'Excel', 'Go', 'Engineer', 'Engineering', 'Backend']",Security
1128818,Salt Security,API Security Engineer,Remote,"['InfoSec', 'Security', 'API', 'Engineer']",https://remoteok.com/remote-jobs/remote-api-security-engineer-salt-security-1128818,2025-12-30T06:32:36.335442+00:00,bf69ef73-ba72-4748-b485-912ed104575e,"['InfoSec', 'Security', 'API', 'Engineer']",Full Stack
1128816,Akuity,Enterprise Account Executive NA West,Remote,"['SaaS', 'Technical', 'Software', 'Code', 'DevOps', 'Sales', 'Engineering', 'Executive', 'Full-Time']",https://remoteok.com/remote-jobs/remote-enterprise-account-executive-na-west-akuity-1128816,2025-12-30T06:32:36.335442+00:00,bf69ef73-ba72-4748-b485-912ed104575e,"['SaaS', 'Technical', 'Software', 'Code', 'DevOps', 'Sales', 'Engineering', 'Executive', 'Full-Time']",DevOps
1128815,Web Summit,Senior iOS Developer,Remote,"['iOS', 'Developer', 'Web Developer', 'Design', 'Swift', 'Architect', 'UI', 'UX', 'Web', 'Mobile', 'Senior', 'Excel', 'Engineering']",https://remoteok.com/remote-jobs/remote-senior-ios-developer-web-summit-1128815,2025-12-30T06:32:36.335442+00:00,bf69ef73-ba72-4748-b485-912ed104575e,"['iOS', 'Developer', 'Web Developer', 'Design', 'Swift', 'Architect', 'UI', 'UX', 'Web', 'Mobile', 'Senior', 'Excel', 'Engineering']",DevOps
1128814,Digimarc,Program Manager,Remote,"['Manager', 'Technical', 'Support', 'Software', 'Growth', 'Microsoft', 'Management', 'Excel', 'Health', 'Executive']",https://remoteok.com/remote-jobs/remote-program-manager-digimarc-1128814,2025-12-30T06:32:36.335442+00:00,bf69ef73-ba72-4748-b485-912ed104575e,"['Manager', 'Technical', 'Support', 'Software', 'Growth', 'Microsoft', 'Management', 'Excel', 'Health', 'Executive']",Growth/Ops
1128810,Wiz,Solutions Support Engineer,Remote,"['Security', 'Support', 'Cloud', 'Engineer']",https://remoteok.com/remote-jobs/remote-solutions-support-engineer-wiz-1128810,2025-12-30T06:32:36.335442+00:00,bf69ef73-ba72-4748-b485-912ed104575e,"['Security', 'Support', 'Cloud', 'Engineer']",Backend/Core
1128807,Salesforge,Senior Golang Backend Engineer,Remote,"['Golang', 'Software', 'Senior', 'Sales', 'Golang', 'Engineer', 'Backend']",https://remoteok.com/remote-jobs/remote-senior-golang-backend-engineer-salesforge-1128807,2025-12-30T06:32:36.335442+00:00,bf69ef73-ba72-4748-b485-912ed104575e,"['Golang', 'Software', 'Senior', 'Sales', 'Golang', 'Engineer', 'Backend']",Full Stack
1128806,Anchorage Digital,Member of Technical Staff Trading,Remote,"['Design', 'Crypto', 'Cryptocurrency', 'GraphQL', 'System', 'Security', 'Technical', 'Software', 'Test', 'Growth', 'Code', 'Financial', 'Finance', 'Bank', 'Cloud', 'MySQL', 'PostgreSQL', 'API', 'Management', 'Lead', 'Legal', 'Engineer', 'Engineering']",https://remoteok.com/remote-jobs/remote-member-of-technical-staff-trading-anchorage-digital-1128806,2025-12-30T06:32:36.335442+00:00,bf69ef73-ba72-4748-b485-912ed104575e,"['Design', 'Crypto', 'Cryptocurrency', 'GraphQL', 'System', 'Security', 'Technical', 'Software', 'Test', 'Growth', 'Code', 'Financial', 'Finance', 'Bank', 'Cloud', 'MySQL', 'PostgreSQL', 'API', 'Management', 'Lead', 'Legal', 'Engineer', 'Engineering']",Data & AI
1128803,Mainstay Labs Inc.,Software Engineer,Remote,"['Software', 'React', 'System', 'Front End', 'Python', 'Full-Stack', 'Technical', 'Support', 'Growth', 'Typescript', 'Engineer', 'Engineering', 'Recruitment', 'Backend']",https://remoteok.com/remote-jobs/remote-software-engineer-mainstay-labs-inc-1128803,2025-12-30T06:32:36.335442+00:00,bf69ef73-ba72-4748-b485-912ed104575e,"['Software', 'React', 'System', 'Front End', 'Python', 'Full-Stack', 'Technical', 'Support', 'Growth', 'Typescript', 'Engineer', 'Engineering', 'Recruitment', 'Backend']",Security
1128802,New Era Technology,Lead Network Engineer Arista & Fortinet SME,Remote,"['Design', 'Security', 'Architect', 'Cloud', 'Lead', 'Senior', 'Engineer']",https://remoteok.com/remote-jobs/remote-lead-network-engineer-arista-fortinet-sme-new-era-technology-1128802,2025-12-30T06:32:36.335442+00:00,bf69ef73-ba72-4748-b485-912ed104575e,"['Design', 'Security', 'Architect', 'Cloud', 'Lead', 'Senior', 'Engineer']",Backend/Core
1128798,Wormhole Foundation,Smart Contract Engineer,Remote,"['Ethereum', 'Security', 'Support', 'Testing', 'Test', 'Code', 'Engineer']",https://remoteok.com/remote-jobs/remote-smart-contract-engineer-wormhole-foundation-1128798,2025-12-30T06:32:36.335442+00:00,bf69ef73-ba72-4748-b485-912ed104575e,"['Ethereum', 'Security', 'Support', 'Testing', 'Test', 'Code', 'Engineer']",Backend/Core
1128797,Ubiminds,Senior Full Stack Developer .Net and Angular,Remote,"['Developer', 'Design', 'Amazon', 'HR', 'System', 'Front-End', 'Front End', 'Technical', 'Recruiter', 'Support', 'Software', 'Testing', 'Growth', 'Code', 'Web', 'Quality Assurance', 'Typescript', 'Angular', 'Senior', 'Reliability', 'Engineer', 'Engineering', 'Recruitment', 'Backend', 'Full-Time']",https://remoteok.com/remote-jobs/remote-senior-full-stack-developer-net-and-angular-ubiminds-1128797,2025-12-30T06:32:36.335442+00:00,bf69ef73-ba72-4748-b485-912ed104575e,"['Developer', 'Design', 'Amazon', 'HR', 'System', 'Front-End', 'Front End', 'Technical', 'Recruiter', 'Support', 'Software', 'Testing', 'Growth', 'Code', 'Web', 'Quality Assurance', 'Typescript', 'Angular', 'Senior', 'Reliability', 'Engineer', 'Engineering', 'Recruitment', 'Backend', 'Full-Time']",Security
1128793,Revinate,Director Data Engineering,Remote,"['Director', 'Design', 'HR', 'Security', 'Technical', 'Recruiter', 'Support', 'Happiness', 'Growth', 'Java', 'Cloud', 'API', 'Management', 'Lead', 'Operations', 'Operational', 'Marketing', 'Analytics', 'Engineering']",https://remoteok.com/remote-jobs/remote-director-data-engineering-revinate-1128793,2025-12-30T06:32:36.335442+00:00,bf69ef73-ba72-4748-b485-912ed104575e,"['Director', 'Design', 'HR', 'Security', 'Technical', 'Recruiter', 'Support', 'Happiness', 'Growth', 'Java', 'Cloud', 'API', 'Management', 'Lead', 'Operations', 'Operational', 'Marketing', 'Analytics', 'Engineering']",Growth/Ops
1128792,TextNow,Data Engineer,Remote,"['Python', 'Support', 'Travel', 'Cloud', 'Mobile', 'Engineer', 'Engineering']",https://remoteok.com/remote-jobs/remote-data-engineer-textnow-1128792,2025-12-30T06:32:36.335442+00:00,bf69ef73-ba72-4748-b485-912ed104575e,"['Python', 'Support', 'Travel', 'Cloud', 'Mobile', 'Engineer', 'Engineering']",Backend/Core
1128791,Liatrio,Inside Sales Associate,Remote,"['Consulting', 'Software', 'Growth', 'DevOps', 'Financial', 'Lead', 'Senior', 'Marketing', 'Sales', 'Healthcare', 'Engineering']",https://remoteok.com/remote-jobs/remote-inside-sales-associate-liatrio-1128791,2025-12-30T06:32:36.335442+00:00,bf69ef73-ba72-4748-b485-912ed104575e,"['Consulting', 'Software', 'Growth', 'DevOps', 'Financial', 'Lead', 'Senior', 'Marketing', 'Sales', 'Healthcare', 'Engineering']",DevOps
1128787,Rhombus,Commercial Account Executive Central,"Denver, Colorado","['Security', 'Support', 'Growth', 'Travel', 'Operations', 'Analytics', 'Sales', 'Healthcare', 'Engineering', 'Executive']",https://remoteok.com/remote-jobs/remote-commercial-account-executive-central-rhombus-1128787,2025-12-30T06:32:36.335442+00:00,bf69ef73-ba72-4748-b485-912ed104575e,"['Security', 'Support', 'Growth', 'Travel', 'Operations', 'Analytics', 'Sales', 'Healthcare', 'Engineering', 'Executive']",DevOps
1128784,Gravie,Clinical Program Manager,Remote,"['Manager', 'Technical', 'Support', 'Growth', 'Voice', 'Edu', 'Management', 'Lead', 'Operational', 'Health', 'Healthcare', 'Engineering']",https://remoteok.com/remote-jobs/remote-clinical-program-manager-gravie-1128784,2025-12-30T06:32:36.335442+00:00,bf69ef73-ba72-4748-b485-912ed104575e,"['Manager', 'Technical', 'Support', 'Growth', 'Voice', 'Edu', 'Management', 'Lead', 'Operational', 'Health', 'Healthcare', 'Engineering']",Growth/Ops
1128778,AppOmni,Regional Sales Manager Philadelphia,Remote,"['Manager', 'SaaS', 'Security', 'Leader', 'Sales', 'Non Tech']",https://remoteok.com/remote-jobs/remote-regional-sales-manager-philadelphia-appomni-1128778,2025-12-30T06:32:36.335442+00:00,bf69ef73-ba72-4748-b485-912ed104575e,"['Manager', 'SaaS', 'Security', 'Leader', 'Sales', 'Non Tech']",DevOps
1128813,VulnCheck,Exploit Developer,Remote,"['Developer', 'Security', 'Technical', 'Software', 'Code', 'Management', 'Lead', 'Senior', 'Engineering']",https://remoteok.com/remote-jobs/remote-exploit-developer-vulncheck-1128813,2025-12-30T06:32:36.335442+00:00,bf69ef73-ba72-4748-b485-912ed104575e,"['Developer', 'Security', 'Technical', 'Software', 'Code', 'Management', 'Lead', 'Senior', 'Engineering']",DevOps
1129072,Metana,Coding Bootcamp﹣Job Guaranteed,Remote,"['No Tech Background Needed', 'Job or 100% Money Back']",https://remoteok.com/remote-jobs/remote-coding-bootcamp-job-guaranteed-metana-1129072,2025-12-31T06:32:34.368038+00:00,6e61925a-ad07-40af-b3e4-0d993558d65e,"['No Tech Background Needed', 'Job or 100% Money Back']",Full Stack
1129088,GeneEase,Computational Bioengineer Gene Therapy Vector Design,Remote,"['Biotech', 'Bioengineer', 'Gene Therapy', 'Vector Development']",https://remoteok.com/remote-jobs/remote-computational-bioengineer-gene-therapy-vector-design-geneease-1129088,2026-01-02T06:32:11.868535+00:00,d1f4e2cb-0ab6-47e9-875e-354468a522ab,"['Biotech', 'Bioengineer', 'Gene Therapy', 'Vector Development']",Full Stack
1129090,SynRes,Senior Python Engineer,Remote,"['Engineer', 'Senior', 'Backend', 'AI', 'JavaScript', 'Python']",https://remoteok.com/remote-jobs/remote-senior-python-engineer-synres-1129090,2026-01-02T06:32:11.868535+00:00,d1f4e2cb-0ab6-47e9-875e-354468a522ab,"['Engineer', 'Senior', 'Backend', 'AI', 'JavaScript', 'Python']",Full Stack
1129120,Prezly,Senior PHP Developer,Remote,"['Engineer', 'Technical', 'Backend', 'PHP']",https://remoteok.com/remote-jobs/remote-senior-php-developer-prezly-1129120,2026-01-05T06:38:02.945276+00:00,3a95c14f-ac85-476a-9ff8-394d1e66c6a0,"['Engineer', 'Technical', 'Backend', 'PHP']",Full Stack
1128945,Tether Operations Limited,Technical Project Manager,Remote,"['Manager', 'Design', 'Bitcoin', 'System', 'Security', 'Technical', 'Support', 'Software', 'Testing', 'Test', 'Growth', 'Code', 'DevOps', 'Financial', 'Fintech', 'API', 'Leader', 'Management', 'Lead', 'Ops', 'Recruitment']",https://remoteok.com/remote-jobs/remote-technical-project-manager-tether-operations-limited-1128945,2026-01-06T06:34:01.570522+00:00,e12171e2-e51d-48f4-ac86-94d5f56b439e,"['Manager', 'Design', 'Bitcoin', 'System', 'Security', 'Technical', 'Support', 'Software', 'Testing', 'Test', 'Growth', 'Code', 'DevOps', 'Financial', 'Fintech', 'API', 'Leader', 'Management', 'Lead', 'Ops', 'Recruitment']",Growth/Ops
1128893,Galaxy Digital Services,Assoc Protocol Engineer,Remote,"['Web3', 'Crypto', 'Founder', 'Ceo', 'Software', 'DevOps', 'Investment', 'Finance', 'Perl', 'Leader', 'Engineer', 'Engineering']",https://remoteok.com/remote-jobs/remote-assoc-protocol-engineer-galaxy-digital-services-1128893,2026-01-06T06:34:01.570522+00:00,e12171e2-e51d-48f4-ac86-94d5f56b439e,"['Web3', 'Crypto', 'Founder', 'Ceo', 'Software', 'DevOps', 'Investment', 'Finance', 'Perl', 'Leader', 'Engineer', 'Engineering']",Full Stack
1128890,Crux,Product Manager,Remote,"['Manager', 'Design', 'System', 'Support', 'Strategy', 'Engineering']",https://remoteok.com/remote-jobs/remote-product-manager-crux-1128890,2026-01-06T06:34:01.570522+00:00,e12171e2-e51d-48f4-ac86-94d5f56b439e,"['Manager', 'Design', 'System', 'Support', 'Strategy', 'Engineering']",DevOps
1128889,Raya,Backend Engineer,Remote,"['Elasticsearch', 'Engineer', 'Engineering', 'Backend']",https://remoteok.com/remote-jobs/remote-backend-engineer-raya-1128889,2026-01-06T06:34:01.570522+00:00,e12171e2-e51d-48f4-ac86-94d5f56b439e,"['Elasticsearch', 'Engineer', 'Engineering', 'Backend']",Full Stack
1128878,Sagent,Data Engineer,Remote,"['Design', 'Cloud', 'Engineer']",https://remoteok.com/remote-jobs/remote-data-engineer-sagent-1128878,2026-01-06T06:34:01.570522+00:00,e12171e2-e51d-48f4-ac86-94d5f56b439e,"['Design', 'Cloud', 'Engineer']",Full Stack
1128877,ARB Interactive,Fullstack Software Engineer,Remote,"['Software', 'Design', 'React', 'Front-End', 'Front End', 'Security', 'Game', 'Gaming', 'Code', 'Web', 'Quality Assurance', 'Banking', 'Serverless', 'Cloud', 'Lead', 'Recruiting', 'Engineer', 'Engineering', 'Recruitment', 'Backend', 'Fullstack']",https://remoteok.com/remote-jobs/remote-fullstack-software-engineer-arb-interactive-1128877,2026-01-06T06:34:01.570522+00:00,e12171e2-e51d-48f4-ac86-94d5f56b439e,"['Software', 'Design', 'React', 'Front-End', 'Front End', 'Security', 'Game', 'Gaming', 'Code', 'Web', 'Quality Assurance', 'Banking', 'Serverless', 'Cloud', 'Lead', 'Recruiting', 'Engineer', 'Engineering', 'Recruitment', 'Backend', 'Fullstack']",Data & AI
1128876,Loop,Data Engineer,Remote,"['Python', 'Growth', 'Code', 'Cloud', 'Senior', 'Operations', 'Analytics', 'Engineer']",https://remoteok.com/remote-jobs/remote-data-engineer-loop-1128876,2026-01-06T06:34:01.570522+00:00,e12171e2-e51d-48f4-ac86-94d5f56b439e,"['Python', 'Growth', 'Code', 'Cloud', 'Senior', 'Operations', 'Analytics', 'Engineer']",Full Stack
1128874,Wealthsimple,Senior Product Data Scientist,Remote,"['Design', 'Crypto', 'Support', 'Growth', 'Code', 'Financial', 'Investment', 'Fintech', 'Strategy', 'Lead', 'Senior', 'Analytics', 'Health', 'Engineering']",https://remoteok.com/remote-jobs/remote-senior-product-data-scientist-wealthsimple-1128874,2026-01-06T06:34:01.570522+00:00,e12171e2-e51d-48f4-ac86-94d5f56b439e,"['Design', 'Crypto', 'Support', 'Growth', 'Code', 'Financial', 'Investment', 'Fintech', 'Strategy', 'Lead', 'Senior', 'Analytics', 'Health', 'Engineering']",Growth/Ops
1128873,Banyan Software,Director of Payments U.S. Canada,Remote,"['Developer', 'Director', 'Design', 'Embedded', 'Software', 'Growth', 'Financial', 'Finance', 'Fintech', 'Strategy', 'Management', 'Lead', 'Legal']",https://remoteok.com/remote-jobs/remote-director-of-payments-u-s-canada-banyan-software-1128873,2026-01-06T06:34:01.570522+00:00,e12171e2-e51d-48f4-ac86-94d5f56b439e,"['Developer', 'Director', 'Design', 'Embedded', 'Software', 'Growth', 'Financial', 'Finance', 'Fintech', 'Strategy', 'Management', 'Lead', 'Legal']",Growth/Ops
1128867,Adyen,Senior Recruitment Business Partner Commercial,Remote,"['Technical', 'Recruiter', 'Support', 'Growth', 'Financial', 'Microsoft', 'Senior', 'Analytics', 'Recruiting', 'Recruitment']",https://remoteok.com/remote-jobs/remote-senior-recruitment-business-partner-commercial-adyen-1128867,2026-01-06T06:34:01.570522+00:00,e12171e2-e51d-48f4-ac86-94d5f56b439e,"['Technical', 'Recruiter', 'Support', 'Growth', 'Financial', 'Microsoft', 'Senior', 'Analytics', 'Recruiting', 'Recruitment']",Research/Specialized
1128865,Brillio,Business Analyst R01557177,"Toronto, Ontario, Canada","['Analyst', 'Design', 'System', 'Consultant', 'Testing', 'Test', 'Strategy', 'Management', 'Analytics']",https://remoteok.com/remote-jobs/remote-business-analyst-r01557177-brillio-1128865,2026-01-06T06:34:01.570522+00:00,e12171e2-e51d-48f4-ac86-94d5f56b439e,"['Analyst', 'Design', 'System', 'Consultant', 'Testing', 'Test', 'Strategy', 'Management', 'Analytics']",Growth/Ops
1128864,Adyen,Software Engineer II Merchant Operational Excellence,Remote,"['Software', 'Technical', 'Support', 'Web', 'Manager', 'Financial', 'Java', 'Microsoft', 'Strategy', 'Operations', 'Operational', 'Engineer']",https://remoteok.com/remote-jobs/remote-software-engineer-ii-merchant-operational-excellence-adyen-1128864,2026-01-06T06:34:01.570522+00:00,e12171e2-e51d-48f4-ac86-94d5f56b439e,"['Software', 'Technical', 'Support', 'Web', 'Manager', 'Financial', 'Java', 'Microsoft', 'Strategy', 'Operations', 'Operational', 'Engineer']",Research/Specialized
1128863,Adyen,Senior Data Engineer Reporting,Remote,"['Design', 'Technical', 'Support', 'Software', 'Code', 'Financial', 'Microsoft', 'Senior', 'Excel', 'Engineer', 'Engineering']",https://remoteok.com/remote-jobs/remote-senior-data-engineer-reporting-adyen-1128863,2026-01-06T06:34:01.570522+00:00,e12171e2-e51d-48f4-ac86-94d5f56b439e,"['Design', 'Technical', 'Support', 'Software', 'Code', 'Financial', 'Microsoft', 'Senior', 'Excel', 'Engineer', 'Engineering']",Security
1128862,Adyen,Senior Software Engineer Checkout,Remote,"['Software', 'Technical', 'Support', 'Web', 'Financial', 'API', 'Microsoft', 'Senior', 'Engineer']",https://remoteok.com/remote-jobs/remote-senior-software-engineer-checkout-adyen-1128862,2026-01-06T06:34:01.570522+00:00,e12171e2-e51d-48f4-ac86-94d5f56b439e,"['Software', 'Technical', 'Support', 'Web', 'Financial', 'API', 'Microsoft', 'Senior', 'Engineer']",Research/Specialized
1128858,Smart Working Solutions,Mid level Full Stack Engineer HRPS PK,Remote,"['Design', 'HR', 'System', 'Front-End', 'Back-End', 'Full-Stack', 'Technical', 'Support', 'Developer', 'Software', 'Testing', 'Growth', 'UX', 'Code', 'Payroll', 'DevOps', 'Reliability', 'Engineer', 'Engineering', 'Backend']",https://remoteok.com/remote-jobs/remote-mid-level-full-stack-engineer-hrps-pk-smart-working-solutions-1128858,2026-01-06T06:34:01.570522+00:00,e12171e2-e51d-48f4-ac86-94d5f56b439e,"['Design', 'HR', 'System', 'Front-End', 'Back-End', 'Full-Stack', 'Technical', 'Support', 'Developer', 'Software', 'Testing', 'Growth', 'UX', 'Code', 'Payroll', 'DevOps', 'Reliability', 'Engineer', 'Engineering', 'Backend']",Security
1128857,Jobgether,Director Security Engineering,Remote,"['Security', 'Director', 'Technical', 'Code', 'Web', 'Cloud', 'Strategy', 'Lead', 'Operations', 'Engineering']",https://remoteok.com/remote-jobs/remote-director-security-engineering-jobgether-1128857,2026-01-06T06:34:01.570522+00:00,e12171e2-e51d-48f4-ac86-94d5f56b439e,"['Security', 'Director', 'Technical', 'Code', 'Web', 'Cloud', 'Strategy', 'Lead', 'Operations', 'Engineering']",DevOps
1128856,Jobgether,Distribution Designer,Remote,"['Design', 'Designer', 'Technical', 'Support', 'Management', 'Engineering']",https://remoteok.com/remote-jobs/remote-distribution-designer-jobgether-1128856,2026-01-06T06:34:01.570522+00:00,e12171e2-e51d-48f4-ac86-94d5f56b439e,"['Design', 'Designer', 'Technical', 'Support', 'Management', 'Engineering']",DevOps
1128852,Salt Security,API Security Engineer,Remote,"['InfoSec', 'Security', 'API', 'Engineer']",https://remoteok.com/remote-jobs/remote-api-security-engineer-salt-security-1128852,2026-01-06T06:34:01.570522+00:00,e12171e2-e51d-48f4-ac86-94d5f56b439e,"['InfoSec', 'Security', 'API', 'Engineer']",Full Stack
1128851,LetsGetChecked,Junior Technical Operations Engineer,Remote,"['Security', 'Technical', 'Growth', 'Cloud', 'Junior', 'Operations', 'Health', 'Healthcare', 'Engineer']",https://remoteok.com/remote-jobs/remote-junior-technical-operations-engineer-letsgetchecked-1128851,2026-01-06T06:34:01.570522+00:00,e12171e2-e51d-48f4-ac86-94d5f56b439e,"['Security', 'Technical', 'Growth', 'Cloud', 'Junior', 'Operations', 'Health', 'Healthcare', 'Engineer']",Backend/Core
1128847,Foth,Project Manager Design Build Construction,"Green Bay, Wisconsin","['Design', 'Manager', 'Consulting', 'Support', 'Testing', 'Growth', 'Travel', 'Leader', 'Management', 'Lead', 'Recruiting', 'Engineer', 'Engineering', 'Full-Time', 'Part-Time']",https://remoteok.com/remote-jobs/remote-project-manager-design-build-construction-foth-1128847,2026-01-06T06:34:01.570522+00:00,e12171e2-e51d-48f4-ac86-94d5f56b439e,"['Design', 'Manager', 'Consulting', 'Support', 'Testing', 'Growth', 'Travel', 'Leader', 'Management', 'Lead', 'Recruiting', 'Engineer', 'Engineering', 'Full-Time', 'Part-Time']",Growth/Ops
1128844,QuillBot,SEO Specialist,Remote,"['Design', 'Students', 'Technical', 'Growth', 'Web', 'JavaScript', 'SEO', 'Strategy', 'Content', 'Marketing', 'Engineering']",https://remoteok.com/remote-jobs/remote-seo-specialist-quillbot-1128844,2026-01-06T06:34:01.570522+00:00,e12171e2-e51d-48f4-ac86-94d5f56b439e,"['Design', 'Students', 'Technical', 'Growth', 'Web', 'JavaScript', 'SEO', 'Strategy', 'Content', 'Marketing', 'Engineering']",DevOps
1128843,Integral Ad Science,Staff Software Engineer Java,Remote,"['Software', 'Code', 'Java', 'Cloud', 'Junior', 'Engineer']",https://remoteok.com/remote-jobs/remote-staff-software-engineer-java-integral-ad-science-1128843,2026-01-06T06:34:01.570522+00:00,e12171e2-e51d-48f4-ac86-94d5f56b439e,"['Software', 'Code', 'Java', 'Cloud', 'Junior', 'Engineer']",Full Stack
1128840,AirDNA,Frontend Tech Lead,Remote,"['Front End', 'Design', 'React', 'Training', 'Full-Stack', 'Technical', 'Support', 'Developer', 'Software', 'Financial', 'Edu', 'Investment', 'API', 'Leader', 'Management', 'Lead', 'Junior', 'Engineer', 'Engineering', 'Backend']",https://remoteok.com/remote-jobs/remote-frontend-tech-lead-airdna-1128840,2026-01-06T06:34:01.570522+00:00,e12171e2-e51d-48f4-ac86-94d5f56b439e,"['Front End', 'Design', 'React', 'Training', 'Full-Stack', 'Technical', 'Support', 'Developer', 'Software', 'Financial', 'Edu', 'Investment', 'API', 'Leader', 'Management', 'Lead', 'Junior', 'Engineer', 'Engineering', 'Backend']",Security
1128839,Reliable Robotics,Software Engineer Engineering Productivity,Remote,"['Software', 'Design', 'React', 'System', 'Python', 'Technical', 'Support', 'Test', 'UX', 'Code', 'Web', 'Travel', 'Cloud', 'Robotics', 'Management', 'Senior', 'Engineer', 'Engineering']",https://remoteok.com/remote-jobs/remote-software-engineer-engineering-productivity-reliable-robotics-1128839,2026-01-06T06:34:01.570522+00:00,e12171e2-e51d-48f4-ac86-94d5f56b439e,"['Software', 'Design', 'React', 'System', 'Python', 'Technical', 'Support', 'Test', 'UX', 'Code', 'Web', 'Travel', 'Cloud', 'Robotics', 'Management', 'Senior', 'Engineer', 'Engineering']",Security
1128834,TextNow,Senior Data Analyst,Remote,"['Analyst', 'Python', 'Support', 'Growth', 'Travel', 'Senior', 'Junior', 'Operations', 'Analytics', 'Engineering']",https://remoteok.com/remote-jobs/remote-senior-data-analyst-textnow-1128834,2026-01-06T06:34:01.570522+00:00,e12171e2-e51d-48f4-ac86-94d5f56b439e,"['Analyst', 'Python', 'Support', 'Growth', 'Travel', 'Senior', 'Junior', 'Operations', 'Analytics', 'Engineering']",DevOps
1128833,NetDocuments,Senior Cloud Engineer Observability,Remote,"['Growth', 'Cloud', 'Management', 'Content', 'Senior', 'Legal', 'Engineer', 'Recruitment']",https://remoteok.com/remote-jobs/remote-senior-cloud-engineer-observability-netdocuments-1128833,2026-01-06T06:34:01.570522+00:00,e12171e2-e51d-48f4-ac86-94d5f56b439e,"['Growth', 'Cloud', 'Management', 'Content', 'Senior', 'Legal', 'Engineer', 'Recruitment']",Full Stack
1128832,Aztec,Software Engineer Generalist Devops,Remote,"['Software', 'Security', 'Developer', 'DevOps', 'Math', 'Lead', 'Engineer', 'Engineering']",https://remoteok.com/remote-jobs/remote-software-engineer-generalist-devops-aztec-1128832,2026-01-06T06:34:01.570522+00:00,e12171e2-e51d-48f4-ac86-94d5f56b439e,"['Software', 'Security', 'Developer', 'DevOps', 'Math', 'Lead', 'Engineer', 'Engineering']",Backend/Core
1128894,Filevine,Senior Javascript Fullstack Engineer,Remote,"['Design', 'System', 'Technical', 'Web', 'JavaScript', 'API', 'Senior', 'Legal', 'Engineer', 'Engineering', 'Fullstack', 'Full-Time']",https://remoteok.com/remote-jobs/remote-senior-javascript-fullstack-engineer-filevine-1128894,2026-01-06T06:34:01.570522+00:00,e12171e2-e51d-48f4-ac86-94d5f56b439e,"['Design', 'System', 'Technical', 'Web', 'JavaScript', 'API', 'Senior', 'Legal', 'Engineer', 'Engineering', 'Fullstack', 'Full-Time']",Data & AI
1128897,Linda Werner & Associates,UX Researcher Mixed Methods,Remote,"['UX', 'Design', 'Testing', 'SEO', 'Lead', 'Senior']",https://remoteok.com/remote-jobs/remote-ux-researcher-mixed-methods-linda-werner-associates-1128897,2026-01-06T06:34:01.570522+00:00,e12171e2-e51d-48f4-ac86-94d5f56b439e,"['UX', 'Design', 'Testing', 'SEO', 'Lead', 'Senior']",DevOps
1128898,Nansen.ai,Senior Product Designer,Remote,"['Design', 'Crypto', 'System', 'Designer', 'Testing', 'Senior', 'Analytics']",https://remoteok.com/remote-jobs/remote-senior-product-designer-nansen-ai-1128898,2026-01-06T06:34:01.570522+00:00,e12171e2-e51d-48f4-ac86-94d5f56b439e,"['Design', 'Crypto', 'System', 'Designer', 'Testing', 'Senior', 'Analytics']",Full Stack
1128899,Applied Intuition,Firmware HIL Engineer,Remote,['Engineer'],https://remoteok.com/remote-jobs/remote-firmware-hil-engineer-applied-intuition-1128899,2026-01-06T06:34:01.570522+00:00,e12171e2-e51d-48f4-ac86-94d5f56b439e,['Engineer'],Full Stack
1128974,Solera Health,Incident Response Engineer,Remote,"['System', 'Front-End', 'Software', 'Growth', 'Node. JS', 'Medical', 'Health', 'Engineer', 'Engineering']",https://remoteok.com/remote-jobs/remote-incident-response-engineer-solera-health-1128974,2026-01-06T06:34:01.570522+00:00,e12171e2-e51d-48f4-ac86-94d5f56b439e,"['System', 'Front-End', 'Software', 'Growth', 'Node. JS', 'Medical', 'Health', 'Engineer', 'Engineering']",Full Stack
1128972,Spotify,Data Engineer Revenue Platform,Remote,"['Design', 'System', 'Python', 'Music', 'Technical', 'Support', 'Code', 'Financial', 'Finance', 'Cloud', 'Scala', 'Operations', 'Operational', 'Engineer', 'Engineering', 'Recruitment', 'Backend']",https://remoteok.com/remote-jobs/remote-data-engineer-revenue-platform-spotify-1128972,2026-01-06T06:34:01.570522+00:00,e12171e2-e51d-48f4-ac86-94d5f56b439e,"['Design', 'System', 'Python', 'Music', 'Technical', 'Support', 'Code', 'Financial', 'Finance', 'Cloud', 'Scala', 'Operations', 'Operational', 'Engineer', 'Engineering', 'Recruitment', 'Backend']",Security
1128969,ALX Africa,Program Delivery Intern,Remote,"['Students', 'Training', 'Support', 'Software']",https://remoteok.com/remote-jobs/remote-program-delivery-intern-alx-africa-1128969,2026-01-06T06:34:01.570522+00:00,e12171e2-e51d-48f4-ac86-94d5f56b439e,"['Students', 'Training', 'Support', 'Software']",Full Stack
1128968,ALX Africa,Program Delivery Intern,Remote,"['Students', 'Training', 'Support', 'Software']",https://remoteok.com/remote-jobs/remote-program-delivery-intern-alx-africa-1128968,2026-01-06T06:34:01.570522+00:00,e12171e2-e51d-48f4-ac86-94d5f56b439e,"['Students', 'Training', 'Support', 'Software']",Full Stack
1128967,Stacklok,Software Engineer II Golang,Remote,"['Software', 'System', 'Front End', 'Management', 'Golang', 'Engineer', 'Backend']",https://remoteok.com/remote-jobs/remote-software-engineer-ii-golang-stacklok-1128967,2026-01-06T06:34:01.570522+00:00,e12171e2-e51d-48f4-ac86-94d5f56b439e,"['Software', 'System', 'Front End', 'Management', 'Golang', 'Engineer', 'Backend']",Full Stack
1128966,CYZA,Backend Go Engineer Build The Next Generation Of Global Saas & Marketplace Commerce,Remote,"['Golang', 'SaaS', 'Go', 'Engineer', 'Backend', 'E-Commerce']",https://remoteok.com/remote-jobs/remote-backend-go-engineer-build-the-next-generation-of-global-saas-marketplace-commerce-cyza-1128966,2026-01-06T06:34:01.570522+00:00,e12171e2-e51d-48f4-ac86-94d5f56b439e,"['Golang', 'SaaS', 'Go', 'Engineer', 'Backend', 'E-Commerce']",Full Stack
1128965,Ava Labs,Senior Technical Product Manager AvaCloud,Remote,"['Manager', 'Design', 'Web3', 'Technical', 'Growth', 'Senior', 'Marketing']",https://remoteok.com/remote-jobs/remote-senior-technical-product-manager-avacloud-ava-labs-1128965,2026-01-06T06:34:01.570522+00:00,e12171e2-e51d-48f4-ac86-94d5f56b439e,"['Manager', 'Design', 'Web3', 'Technical', 'Growth', 'Senior', 'Marketing']",DevOps
1128964,bloXroute Labs,Software Engineering Team Lead,Remote,"['Software', 'Ethereum', 'Support', 'Testing', 'Code', 'Lead', 'Go', 'Engineering', 'Backend']",https://remoteok.com/remote-jobs/remote-software-engineering-team-lead-bloxroute-labs-1128964,2026-01-06T06:34:01.570522+00:00,e12171e2-e51d-48f4-ac86-94d5f56b439e,"['Software', 'Ethereum', 'Support', 'Testing', 'Code', 'Lead', 'Go', 'Engineering', 'Backend']",DevOps
1128962,Tech Solutions Inc.,Software Engineer,Remote,"['Software', 'React', 'Testing', 'Web', 'CSS', 'Angular', 'Engineer']",https://remoteok.com/remote-jobs/remote-software-engineer-tech-solutions-inc-1128962,2026-01-06T06:34:01.570522+00:00,e12171e2-e51d-48f4-ac86-94d5f56b439e,"['Software', 'React', 'Testing', 'Web', 'CSS', 'Angular', 'Engineer']",Full Stack
1128955,Circle.so,Senior Full Stack Software Engineer Design Systems,Remote,"['Design', 'Software', 'Full-Stack', 'Senior', 'Operations', 'Engineer']",https://remoteok.com/remote-jobs/remote-senior-full-stack-software-engineer-design-systems-circle-so-1128955,2026-01-06T06:34:01.570522+00:00,e12171e2-e51d-48f4-ac86-94d5f56b439e,"['Design', 'Software', 'Full-Stack', 'Senior', 'Operations', 'Engineer']",Full Stack
1128954,Reflective,External Affairs Lead,Remote,"['Ceo', 'Support', 'Strategy', 'Lead', 'Engineering']",https://remoteok.com/remote-jobs/remote-external-affairs-lead-reflective-1128954,2026-01-06T06:34:01.570522+00:00,e12171e2-e51d-48f4-ac86-94d5f56b439e,"['Ceo', 'Support', 'Strategy', 'Lead', 'Engineering']",DevOps
1128951,Alpaca,Staff Software Engineer Core Trading,Remote,"['Software', 'Design', 'Crypto', 'System', 'Technical', 'Code', 'Financial', 'Investment', 'C', 'API', 'Lead', 'Engineer']",https://remoteok.com/remote-jobs/remote-staff-software-engineer-core-trading-alpaca-1128951,2026-01-06T06:34:01.570522+00:00,e12171e2-e51d-48f4-ac86-94d5f56b439e,"['Software', 'Design', 'Crypto', 'System', 'Technical', 'Code', 'Financial', 'Investment', 'C', 'API', 'Lead', 'Engineer']",Data & AI
1128950,"Manta Network, Powered by p0x labs",Frontend Engineer,Remote,"['Front End', 'Design', 'Web3', 'React', 'UI', 'Web', 'Engineer']",https://remoteok.com/remote-jobs/remote-frontend-engineer-manta-network-powered-by-p0x-labs-1128950,2026-01-06T06:34:01.570522+00:00,e12171e2-e51d-48f4-ac86-94d5f56b439e,"['Front End', 'Design', 'Web3', 'React', 'UI', 'Web', 'Engineer']",Full Stack
1128949,Weekday AI,DevOps Engineer Weekday AI,Remote,"['DevOps', 'Engineer']",https://remoteok.com/remote-jobs/remote-devops-engineer-weekday-ai-weekday-ai-1128949,2026-01-06T06:34:01.570522+00:00,e12171e2-e51d-48f4-ac86-94d5f56b439e,"['DevOps', 'Engineer']",Full Stack
1128948,CompassX Group,Full Stack Software Engineer,Remote,"['Software', 'Design', 'React', 'Front End', 'Full-Stack', 'Architect', 'Technical', 'Support', 'Growth', 'Code', 'Lead', 'Junior', 'Engineer', 'Backend']",https://remoteok.com/remote-jobs/remote-full-stack-software-engineer-compassx-group-1128948,2026-01-06T06:34:01.570522+00:00,e12171e2-e51d-48f4-ac86-94d5f56b439e,"['Software', 'Design', 'React', 'Front End', 'Full-Stack', 'Architect', 'Technical', 'Support', 'Growth', 'Code', 'Lead', 'Junior', 'Engineer', 'Backend']",Security
1128939,Uniswap Labs,Senior Release Engineer,Remote,"['Design', 'Defi', 'Crypto', 'Ethereum', 'Architect', 'Technical', 'Testing', 'Web', 'Mobile', 'Senior', 'Health', 'Engineer', 'Engineering']",https://remoteok.com/remote-jobs/remote-senior-release-engineer-uniswap-labs-1128939,2026-01-06T06:34:01.570522+00:00,e12171e2-e51d-48f4-ac86-94d5f56b439e,"['Design', 'Defi', 'Crypto', 'Ethereum', 'Architect', 'Technical', 'Testing', 'Web', 'Mobile', 'Senior', 'Health', 'Engineer', 'Engineering']",Data & AI
1128938,Blockchain.com,Data Analyst,Remote,"['Analyst', 'Crypto', 'Technical', 'Support', 'Software', 'Financial', 'Operations', 'Marketing']",https://remoteok.com/remote-jobs/remote-data-analyst-blockchain-com-1128938,2026-01-06T06:34:01.570522+00:00,e12171e2-e51d-48f4-ac86-94d5f56b439e,"['Analyst', 'Crypto', 'Technical', 'Support', 'Software', 'Financial', 'Operations', 'Marketing']",Research/Specialized
1128929,BlastPoint,Junior Data Engineer,Remote,"['Growth', 'Financial', 'Junior', 'Analytics', 'Engineer']",https://remoteok.com/remote-jobs/remote-junior-data-engineer-blastpoint-1128929,2026-01-06T06:34:01.570522+00:00,e12171e2-e51d-48f4-ac86-94d5f56b439e,"['Growth', 'Financial', 'Junior', 'Analytics', 'Engineer']",Full Stack
1128921,Limit Break,Unity Senior Engineer,Remote,"['Unity', 'C#', '3d', 'Game', 'Gaming', 'Mobile', 'Content', 'Senior', 'Junior', 'Go', 'Engineer', 'Backend', 'Executive']",https://remoteok.com/remote-jobs/remote-unity-senior-engineer-limit-break-1128921,2026-01-06T06:34:01.570522+00:00,e12171e2-e51d-48f4-ac86-94d5f56b439e,"['Unity', 'C#', '3d', 'Game', 'Gaming', 'Mobile', 'Content', 'Senior', 'Junior', 'Go', 'Engineer', 'Backend', 'Executive']",Full Stack
1128917,GiveDirectly,Events and Administrative Associate,Remote,"['Software', 'Financial', 'Management', 'Operations']",https://remoteok.com/remote-jobs/remote-events-and-administrative-associate-givedirectly-1128917,2026-01-06T06:34:01.570522+00:00,e12171e2-e51d-48f4-ac86-94d5f56b439e,"['Software', 'Financial', 'Management', 'Operations']",Full Stack
1128906,Capgemini,Content Strategist,Remote,"['Design', 'Training', 'Strategist', 'Support', 'Testing', 'Financial', 'Microsoft', 'Leader', 'Strategy', 'Management', 'Content', 'Operations', 'Health', 'Engineering']",https://remoteok.com/remote-jobs/remote-content-strategist-capgemini-1128906,2026-01-06T06:34:01.570522+00:00,e12171e2-e51d-48f4-ac86-94d5f56b439e,"['Design', 'Training', 'Strategist', 'Support', 'Testing', 'Financial', 'Microsoft', 'Leader', 'Strategy', 'Management', 'Content', 'Operations', 'Health', 'Engineering']",Growth/Ops
1128904,Medium,Principal Backend Engineer,Remote,"['Engineer', 'Backend']",https://remoteok.com/remote-jobs/remote-principal-backend-engineer-medium-1128904,2026-01-06T06:34:01.570522+00:00,e12171e2-e51d-48f4-ac86-94d5f56b439e,"['Engineer', 'Backend']",Full Stack
1128960,Nansen.ai,Senior Product Designer,Remote,"['Design', 'Crypto', 'System', 'Designer', 'Testing', 'Senior', 'Analytics']",https://remoteok.com/remote-jobs/remote-senior-product-designer-nansen-ai-1128960,2026-01-06T06:34:01.570522+00:00,e12171e2-e51d-48f4-ac86-94d5f56b439e,"['Design', 'Crypto', 'System', 'Designer', 'Testing', 'Senior', 'Analytics']",Full Stack
1128861,Adyen,Solutions Architect,Remote,"['Architect', 'Consulting', 'Technical', 'Support', 'Web', 'Financial', 'Management', 'Engineer', 'Engineering', 'E-Commerce']",https://remoteok.com/remote-jobs/remote-solutions-architect-adyen-1128861,2026-01-06T06:34:01.570522+00:00,e12171e2-e51d-48f4-ac86-94d5f56b439e,"['Architect', 'Consulting', 'Technical', 'Support', 'Web', 'Financial', 'Management', 'Engineer', 'Engineering', 'E-Commerce']",Research/Specialized
1129001,Cytora,Senior Platform Engineer,Remote,"['Technical', 'Growth', 'Web', 'Serverless', 'Senior', 'Engineer']",https://remoteok.com/remote-jobs/remote-senior-platform-engineer-cytora-1129001,2026-01-06T18:31:07.415005+00:00,c3a25040-34f2-433b-8c12-792ef5dcab62,"['Technical', 'Growth', 'Web', 'Serverless', 'Senior', 'Engineer']",Full Stack
1129000,Weedmaps,Lead Product Designer Hybrid,Remote,"['Design', 'iOS', 'Designer', 'Mobile', 'Strategy', 'Lead', 'Android']",https://remoteok.com/remote-jobs/remote-lead-product-designer-hybrid-weedmaps-1129000,2026-01-06T18:31:07.415005+00:00,c3a25040-34f2-433b-8c12-792ef5dcab62,"['Design', 'iOS', 'Designer', 'Mobile', 'Strategy', 'Lead', 'Android']",DevOps
1128998,Sully.ai,Staff Software Engineer Full Stack & AI Systems,Remote,"['Software', 'Design', 'System', 'Front End', 'Python', 'Full-Stack', 'Architect', 'Test', 'UI', 'Cloud', 'API', 'Admin', 'Healthcare', 'Engineer', 'Engineering']",https://remoteok.com/remote-jobs/remote-staff-software-engineer-full-stack-ai-systems-sully-ai-1128998,2026-01-06T18:31:07.415005+00:00,c3a25040-34f2-433b-8c12-792ef5dcab62,"['Software', 'Design', 'System', 'Front End', 'Python', 'Full-Stack', 'Architect', 'Test', 'UI', 'Cloud', 'API', 'Admin', 'Healthcare', 'Engineer', 'Engineering']",Data & AI
1128997,Planet,Customer Success Manager II,Remote,"['Manager', 'Software']",https://remoteok.com/remote-jobs/remote-customer-success-manager-ii-planet-1128997,2026-01-06T18:31:07.415005+00:00,c3a25040-34f2-433b-8c12-792ef5dcab62,"['Manager', 'Software']",Full Stack
1128996,Acquia,Senior Software Engineer,Pune or Delhi/NCR,"['Software', 'System', 'Front End', 'Back-End', 'Technical', 'Code', 'Analyst', 'PHP', 'Angular', 'API', 'Leader', 'Senior', 'Engineer', 'Engineering', 'Backend']",https://remoteok.com/remote-jobs/remote-senior-software-engineer-acquia-1128996,2026-01-06T18:31:07.415005+00:00,c3a25040-34f2-433b-8c12-792ef5dcab62,"['Software', 'System', 'Front End', 'Back-End', 'Technical', 'Code', 'Analyst', 'PHP', 'Angular', 'API', 'Leader', 'Senior', 'Engineer', 'Engineering', 'Backend']",Security
1128995,Skio,Technical Content Writer & Knowledge Specialist,Remote,"['Training', 'Technical', 'Writer', 'Support', 'CSS', 'Content', 'Marketing', 'Analytics', 'Engineering', 'Shopify']",https://remoteok.com/remote-jobs/remote-technical-content-writer-amp-knowledge-specialist-skio-1128995,2026-01-06T18:31:07.415005+00:00,c3a25040-34f2-433b-8c12-792ef5dcab62,"['Training', 'Technical', 'Writer', 'Support', 'CSS', 'Content', 'Marketing', 'Analytics', 'Engineering', 'Shopify']",DevOps
1128975,Darkroom,Full Stack Engineer,Remote,"['React', 'Technical', 'Software', 'Code', 'DevOps', 'Cloud', 'Junior', 'Marketing', 'Engineer', 'Engineering']",https://remoteok.com/remote-jobs/remote-full-stack-engineer-darkroom-1128975,2026-01-06T18:31:07.415005+00:00,c3a25040-34f2-433b-8c12-792ef5dcab62,"['React', 'Technical', 'Software', 'Code', 'DevOps', 'Cloud', 'Junior', 'Marketing', 'Engineer', 'Engineering']",Backend/Core
1128993,Galaxy Digital Services,VP Protocol Engineer,Remote,"['Web3', 'Crypto', 'Founder', 'Ceo', 'Support', 'Investment', 'Finance', 'Leader', 'Engineer', 'Engineering']",https://remoteok.com/remote-jobs/remote-vp-protocol-engineer-galaxy-digital-services-1128993,2026-01-06T18:31:07.415005+00:00,c3a25040-34f2-433b-8c12-792ef5dcab62,"['Web3', 'Crypto', 'Founder', 'Ceo', 'Support', 'Investment', 'Finance', 'Leader', 'Engineer', 'Engineering']",Research/Specialized
1128991,CertiK,Blockchain Security Expert Security Audit Track,Remote,"['Security', 'Web3', 'Support', 'Software', 'Testing', 'Code', 'Sales', 'Engineer', 'Full-Time']",https://remoteok.com/remote-jobs/remote-blockchain-security-expert-security-audit-track-certik-1128991,2026-01-06T18:31:07.415005+00:00,c3a25040-34f2-433b-8c12-792ef5dcab62,"['Security', 'Web3', 'Support', 'Software', 'Testing', 'Code', 'Sales', 'Engineer', 'Full-Time']",Backend/Core
1128990,Kalshi,Operations Risk Analyst,Remote,"['Analyst', 'System', 'Financial', 'Operations', 'Operational', 'Engineering']",https://remoteok.com/remote-jobs/remote-operations-risk-analyst-kalshi-1128990,2026-01-06T18:31:07.415005+00:00,c3a25040-34f2-433b-8c12-792ef5dcab62,"['Analyst', 'System', 'Financial', 'Operations', 'Operational', 'Engineering']",Research/Specialized
1128989,InfStones,Blockchain Site Reliability Engineer,Remote,"['Web3', 'Solidity', 'System', 'Technical', 'Node', 'Management', 'Operational', 'Reliability', 'Engineer', 'Engineering', 'Linux', 'Full-Time']",https://remoteok.com/remote-jobs/remote-blockchain-site-reliability-engineer-infstones-1128989,2026-01-06T18:31:07.415005+00:00,c3a25040-34f2-433b-8c12-792ef5dcab62,"['Web3', 'Solidity', 'System', 'Technical', 'Node', 'Management', 'Operational', 'Reliability', 'Engineer', 'Engineering', 'Linux', 'Full-Time']",Backend/Core
1128987,Grow Therapy,Senior Software Engineer Billing Platform,"New York City, Seattle, San Francisco","['Software', 'Financial', 'Senior', 'Healthcare', 'Engineer', 'Engineering']",https://remoteok.com/remote-jobs/remote-senior-software-engineer-billing-platform-grow-therapy-1128987,2026-01-06T18:31:07.415005+00:00,c3a25040-34f2-433b-8c12-792ef5dcab62,"['Software', 'Financial', 'Senior', 'Healthcare', 'Engineer', 'Engineering']",Full Stack
1128986,Grow Therapy,Senior Software Engineer Client Engagement,"New York City, Seattle, San Francisco","['Software', 'Front End', 'Full-Stack', 'Support', 'API', 'Mobile', 'Senior', 'Health', 'Healthcare', 'Engineer', 'Engineering', 'Backend']",https://remoteok.com/remote-jobs/remote-senior-software-engineer-client-engagement-grow-therapy-1128986,2026-01-06T18:31:07.415005+00:00,c3a25040-34f2-433b-8c12-792ef5dcab62,"['Software', 'Front End', 'Full-Stack', 'Support', 'API', 'Mobile', 'Senior', 'Health', 'Healthcare', 'Engineer', 'Engineering', 'Backend']",Security
1128980,Helius,Full Stack Engineer Developer Portal,Remote,"['Developer', 'Design', 'Web3', 'React', 'System', 'Front End', 'Security', 'Full-Stack', 'Technical', 'Support', 'Code', 'Web', 'DevOps', 'API', 'Lead', 'Senior', 'Engineer', 'Backend']",https://remoteok.com/remote-jobs/remote-full-stack-engineer-developer-portal-helius-1128980,2026-01-06T18:31:07.415005+00:00,c3a25040-34f2-433b-8c12-792ef5dcab62,"['Developer', 'Design', 'Web3', 'React', 'System', 'Front End', 'Security', 'Full-Stack', 'Technical', 'Support', 'Code', 'Web', 'DevOps', 'API', 'Lead', 'Senior', 'Engineer', 'Backend']",Security
1128978,Everwest,Senior Golang Engineer,Remote,"['Senior', 'Operational', 'Golang', 'Engineer']",https://remoteok.com/remote-jobs/remote-senior-golang-engineer-everwest-1128978,2026-01-06T18:31:07.415005+00:00,c3a25040-34f2-433b-8c12-792ef5dcab62,"['Senior', 'Operational', 'Golang', 'Engineer']",Full Stack
1128976,LiveKit,Customer Success Manager,Remote,"['Manager', 'Technical', 'Support', 'Developer', 'Sales']",https://remoteok.com/remote-jobs/remote-customer-success-manager-livekit-1128976,2026-01-06T18:31:07.415005+00:00,c3a25040-34f2-433b-8c12-792ef5dcab62,"['Manager', 'Technical', 'Support', 'Developer', 'Sales']",DevOps
1129044,Alpaca,Staff Engineer Team Lead Market Data,Remote,"['Design', 'Crypto', 'Technical', 'Financial', 'Investment', 'C', 'API', 'Lead', 'Engineer']",https://remoteok.com/remote-jobs/remote-staff-engineer-team-lead-market-data-alpaca-1129044,2026-01-08T06:33:24.772477+00:00,73cd781e-7105-4cca-8e62-91430795660e,"['Design', 'Crypto', 'Technical', 'Financial', 'Investment', 'C', 'API', 'Lead', 'Engineer']",Research/Specialized
1129033,Tomo,Senior Software Engineer Back End,Remote,"['Software', 'Fintech', 'Senior', 'Engineer', 'Engineering', 'Backend']",https://remoteok.com/remote-jobs/remote-senior-software-engineer-back-end-tomo-1129033,2026-01-08T06:33:24.772477+00:00,73cd781e-7105-4cca-8e62-91430795660e,"['Software', 'Fintech', 'Senior', 'Engineer', 'Engineering', 'Backend']",Full Stack
1129031,Tech Innovations Inc.,Software Engineer,Remote,"['Software', 'Testing', 'JavaScript', 'Cloud', 'Engineer']",https://remoteok.com/remote-jobs/remote-software-engineer-tech-innovations-inc-1129031,2026-01-08T06:33:24.772477+00:00,73cd781e-7105-4cca-8e62-91430795660e,"['Software', 'Testing', 'JavaScript', 'Cloud', 'Engineer']",Full Stack
1129022,WISEcode,Principal Engineer Asp.Net,Remote,"['Design', 'Embedded', 'System', 'Front-End', 'Security', 'Teach', 'Full-Stack', 'Founder', 'Cto', 'Architect', 'Technical', 'Strategist', 'Developer', 'Growth', 'UI', 'Cloud', 'API', 'Leader', 'Strategy', 'Senior', 'Reliability', 'Engineer', 'Engineering']",https://remoteok.com/remote-jobs/remote-principal-engineer-asp-net-wisecode-1129022,2026-01-08T06:33:24.772477+00:00,73cd781e-7105-4cca-8e62-91430795660e,"['Design', 'Embedded', 'System', 'Front-End', 'Security', 'Teach', 'Full-Stack', 'Founder', 'Cto', 'Architect', 'Technical', 'Strategist', 'Developer', 'Growth', 'UI', 'Cloud', 'API', 'Leader', 'Strategy', 'Senior', 'Reliability', 'Engineer', 'Engineering']",Data & AI
1129020,Jobgether,Senior Software Engineer Integrations,Remote,"['Software', 'Design', 'System', 'Security', 'Technical', 'Support', 'Code', 'Web', 'Lead', 'Senior', 'Junior', 'Healthcare', 'Engineer', 'Engineering']",https://remoteok.com/remote-jobs/remote-senior-software-engineer-integrations-jobgether-1129020,2026-01-08T06:33:24.772477+00:00,73cd781e-7105-4cca-8e62-91430795660e,"['Software', 'Design', 'System', 'Security', 'Technical', 'Support', 'Code', 'Web', 'Lead', 'Senior', 'Junior', 'Healthcare', 'Engineer', 'Engineering']",Security
1129018,OpenSesame,Software Engineering Internship Summer 2026,Remote,"['Software', 'SaaS', 'Students', 'Content', 'Engineering', 'Internship']",https://remoteok.com/remote-jobs/remote-software-engineering-internship-summer-2026-opensesame-1129018,2026-01-08T06:33:24.772477+00:00,73cd781e-7105-4cca-8e62-91430795660e,"['Software', 'SaaS', 'Students', 'Content', 'Engineering', 'Internship']",Full Stack
1129015,HappyCo,DevOps Engineer,Remote,"['Design', 'Security', 'Developer', 'DevOps', 'Cloud', 'PostgreSQL', 'Mobile', 'Management', 'Operations', 'Reliability', 'Golang', 'Engineer', 'Engineering', 'Recruitment', 'Linux', 'Educational', 'Backend']",https://remoteok.com/remote-jobs/remote-devops-engineer-happyco-1129015,2026-01-08T06:33:24.772477+00:00,73cd781e-7105-4cca-8e62-91430795660e,"['Design', 'Security', 'Developer', 'DevOps', 'Cloud', 'PostgreSQL', 'Mobile', 'Management', 'Operations', 'Reliability', 'Golang', 'Engineer', 'Engineering', 'Recruitment', 'Linux', 'Educational', 'Backend']",Backend/Core
1129010,cBEYONData,SAP S4 HANA EWM Functional Consultant,Remote,"['Consultant', 'Architect', 'Support', 'Management', 'Lead']",https://remoteok.com/remote-jobs/remote-sap-s4-hana-ewm-functional-consultant-cbeyondata-1129010,2026-01-08T06:33:24.772477+00:00,73cd781e-7105-4cca-8e62-91430795660e,"['Consultant', 'Architect', 'Support', 'Management', 'Lead']",DevOps
1129009,Maven,Senior Product Manager,Remote,"['Manager', 'System', 'Edu', 'Leader', 'Management', 'Lead', 'Senior', 'Engineer', 'Engineering']",https://remoteok.com/remote-jobs/remote-senior-product-manager-maven-1129009,2026-01-08T06:33:24.772477+00:00,73cd781e-7105-4cca-8e62-91430795660e,"['Manager', 'System', 'Edu', 'Leader', 'Management', 'Lead', 'Senior', 'Engineer', 'Engineering']",DevOps
1129008,Circle.so,Finance Data Analyst,Remote,"['Analyst', 'Growth', 'Financial', 'Finance', 'Strategy', 'Operational', 'Engineering']",https://remoteok.com/remote-jobs/remote-finance-data-analyst-circle-so-1129008,2026-01-08T06:33:24.772477+00:00,73cd781e-7105-4cca-8e62-91430795660e,"['Analyst', 'Growth', 'Financial', 'Finance', 'Strategy', 'Operational', 'Engineering']",Research/Specialized
1129003,Mercor,Mercor STEM Expert application via RippleMatch,Remote,"['Technical', 'Reliability']",https://remoteok.com/remote-jobs/remote-mercor-stem-expert-application-via-ripplematch-mercor-1129003,2026-01-08T06:33:24.772477+00:00,73cd781e-7105-4cca-8e62-91430795660e,"['Technical', 'Reliability']",Full Stack
1129152,Global Tech Services Solutions,Senior Backend Developer,Remote,"['Engineer', 'SaaS', 'Developer']",https://remoteok.com/remote-jobs/remote-senior-backend-developer-global-tech-services-solutions-1129152,2026-01-09T06:33:11.850376+00:00,b1e7ce08-bcd5-47ec-b2b4-ccec5ceb2237,"['Engineer', 'SaaS', 'Developer']",Full Stack
1129161,Sentrabyte Digital Solusi,Red Team Operator Real World Exploitation,Remote,"['Engineer', 'Technical', 'Linux', 'InfoSec', 'Testing', 'Web Security', 'Security Engineer', 'Cybersecurity', 'Penetration Testing', 'Red Team']",https://remoteok.com/remote-jobs/remote-red-team-operator-real-world-exploitation-sentrabyte-digital-solusi-1129161,2026-01-10T06:29:35.265061+00:00,9b158c9d-9543-45af-9ebe-436b4a146887,"['Engineer', 'Technical', 'Linux', 'InfoSec', 'Testing', 'Web Security', 'Security Engineer', 'Cybersecurity', 'Penetration Testing', 'Red Team']",Full Stack
1129165,Glama,Full Stack TypeScript Engineer,Remote,"['Engineer', 'JavaScript', 'React', 'Node', 'Typescript', 'Postgres']",https://remoteok.com/remote-jobs/remote-full-stack-typescript-engineer-glama-1129165,2026-01-10T06:29:35.265061+00:00,9b158c9d-9543-45af-9ebe-436b4a146887,"['Engineer', 'JavaScript', 'React', 'Node', 'Typescript', 'Postgres']",Full Stack
1129379,Women Builders Council,Virtual Operations Manager,Remote,"['Full Time', 'Other']",https://remoteok.com/remote-jobs/remote-virtual-operations-manager-women-builders-council-1129379,2026-01-10T06:29:35.265061+00:00,9b158c9d-9543-45af-9ebe-436b4a146887,"['Full Time', 'Other']",Full Stack
1129046,Flock Safety,Senior Software Engineer Agentic Assistant,Remote,"['Software', 'Assistant', 'Design', 'System', 'Security', 'Full-Stack', 'Technical', 'Recruiter', 'Testing', 'UI', 'UX', 'Web', 'Cloud', 'PostgreSQL', 'Typescript', 'Node', 'API', 'Senior', 'Excel', 'Sales', 'Reliability', 'Health', 'Engineer', 'Engineering', 'Backend']",https://remoteok.com/remote-jobs/remote-senior-software-engineer-agentic-assistant-flock-safety-1129046,2026-01-10T18:28:25.283760+00:00,a06823aa-e21d-4340-ba51-dcf052180691,"['Software', 'Assistant', 'Design', 'System', 'Security', 'Full-Stack', 'Technical', 'Recruiter', 'Testing', 'UI', 'UX', 'Web', 'Cloud', 'PostgreSQL', 'Typescript', 'Node', 'API', 'Senior', 'Excel', 'Sales', 'Reliability', 'Health', 'Engineer', 'Engineering', 'Backend']",Security
1129066,1inch,Senior Data Engineer,Remote,"['Defi', 'Crypto', 'Security', 'Support', 'Financial', 'Senior', 'Analytics', 'Engineer', 'Engineering']",https://remoteok.com/remote-jobs/remote-senior-data-engineer-1inch-1129066,2026-01-10T18:28:25.283760+00:00,a06823aa-e21d-4340-ba51-dcf052180691,"['Defi', 'Crypto', 'Security', 'Support', 'Financial', 'Senior', 'Analytics', 'Engineer', 'Engineering']",Research/Specialized
1129064,AnsibleHealth Inc.,Data Scientist,Remote,"['Amazon', 'Ansible', 'Support', 'Operational', 'Analytics', 'Health', 'Healthcare', 'Non Tech']",https://remoteok.com/remote-jobs/remote-data-scientist-ansiblehealth-inc-1129064,2026-01-10T18:28:25.283760+00:00,a06823aa-e21d-4340-ba51-dcf052180691,"['Amazon', 'Ansible', 'Support', 'Operational', 'Analytics', 'Health', 'Healthcare', 'Non Tech']",Growth/Ops
1129061,Endpoint Clinical,Senior Test Engineer,Remote,"['Test', 'Security', 'Technical', 'Support', 'Software', 'Testing', 'API', 'Management', 'Senior', 'Operational', 'Health', 'Engineer', 'Engineering']",https://remoteok.com/remote-jobs/remote-senior-test-engineer-endpoint-clinical-1129061,2026-01-10T18:28:25.283760+00:00,a06823aa-e21d-4340-ba51-dcf052180691,"['Test', 'Security', 'Technical', 'Support', 'Software', 'Testing', 'API', 'Management', 'Senior', 'Operational', 'Health', 'Engineer', 'Engineering']",Backend/Core
1129060,Monad Foundation,Graphic Designer Contract to Perm,Remote,"['Design', 'Ethereum', 'System', 'Designer', 'Technical', 'Animation', 'Lead', 'Full-Time']",https://remoteok.com/remote-jobs/remote-graphic-designer-contract-to-perm-monad-foundation-1129060,2026-01-10T18:28:25.283760+00:00,a06823aa-e21d-4340-ba51-dcf052180691,"['Design', 'Ethereum', 'System', 'Designer', 'Technical', 'Animation', 'Lead', 'Full-Time']",DevOps
1129056,Ether.fi,Senior Full Stack Software Engineer,Remote,"['Software', 'Defi', 'Crypto', 'Front-End', 'Technical', 'Code', 'Travel', 'Banking', 'Management', 'Senior', 'Analytics', 'Go', 'Engineer', 'Engineering', 'Backend']",https://remoteok.com/remote-jobs/remote-senior-full-stack-software-engineer-ether-fi-1129056,2026-01-10T18:28:25.283760+00:00,a06823aa-e21d-4340-ba51-dcf052180691,"['Software', 'Defi', 'Crypto', 'Front-End', 'Technical', 'Code', 'Travel', 'Banking', 'Management', 'Senior', 'Analytics', 'Go', 'Engineer', 'Engineering', 'Backend']",Security
1129048,Nomi Health,Software Engineer,Remote,"['Software', 'System', 'Serverless', 'Medical', 'Healthcare', 'Engineer']",https://remoteok.com/remote-jobs/remote-software-engineer-nomi-health-1129048,2026-01-10T18:28:25.283760+00:00,a06823aa-e21d-4340-ba51-dcf052180691,"['Software', 'System', 'Serverless', 'Medical', 'Healthcare', 'Engineer']",Full Stack
1129047,Voodoo,Staff Backend Engineer Golang,Remote,"['Golang', 'Mobile', 'Golang', 'Engineer', 'Backend']",https://remoteok.com/remote-jobs/remote-staff-backend-engineer-golang-voodoo-1129047,2026-01-10T18:28:25.283760+00:00,a06823aa-e21d-4340-ba51-dcf052180691,"['Golang', 'Mobile', 'Golang', 'Engineer', 'Backend']",Full Stack
1129045,Egen,Customer Success and Engagement Manager,Remote,"['Manager', 'Training', 'Consulting', 'Technical', 'Strategist', 'Support', 'Software', 'Growth', 'Financial', 'Cloud', 'Management', 'Lead', 'Legal', 'Health', 'Engineering']",https://remoteok.com/remote-jobs/remote-customer-success-and-engagement-manager-egen-1129045,2026-01-10T18:28:25.283760+00:00,a06823aa-e21d-4340-ba51-dcf052180691,"['Manager', 'Training', 'Consulting', 'Technical', 'Strategist', 'Support', 'Software', 'Growth', 'Financial', 'Cloud', 'Management', 'Lead', 'Legal', 'Health', 'Engineering']",Growth/Ops
1129105,Veeam Software,Senior Systems Engineer,Remote,"['Developer', 'Leader', 'Senior', 'Sales', 'Go', 'Engineer']",https://remoteok.com/remote-jobs/remote-senior-systems-engineer-veeam-software-1129105,2026-01-11T18:28:13.605225+00:00,a55360eb-0b92-40e5-ac66-0c98c43d9b7c,"['Developer', 'Leader', 'Senior', 'Sales', 'Go', 'Engineer']",Full Stack
1129110,OnePay,Product Designer,Remote,"['Design', 'Embedded', 'System', 'Designer', 'Manager', 'Financial', 'Fintech', 'Mobile', 'Health']",https://remoteok.com/remote-jobs/remote-product-designer-onepay-1129110,2026-01-11T18:28:13.605225+00:00,a55360eb-0b92-40e5-ac66-0c98c43d9b7c,"['Design', 'Embedded', 'System', 'Designer', 'Manager', 'Financial', 'Fintech', 'Mobile', 'Health']",Growth/Ops
1129103,Monad Foundation,Technical Program Manager,Remote,"['Manager', 'Crypto', 'Ethereum', 'Founder', 'Technical', 'Management', 'Operational', 'Full-Time']",https://remoteok.com/remote-jobs/remote-technical-program-manager-monad-foundation-1129103,2026-01-11T18:28:13.605225+00:00,a55360eb-0b92-40e5-ac66-0c98c43d9b7c,"['Manager', 'Crypto', 'Ethereum', 'Founder', 'Technical', 'Management', 'Operational', 'Full-Time']",Growth/Ops
1129100,Hispanic Access Foundation,STEM Associate,Remote,"['Support', 'Lead', 'Health', 'Part-Time', 'Non Tech']",https://remoteok.com/remote-jobs/remote-stem-associate-hispanic-access-foundation-1129100,2026-01-11T18:28:13.605225+00:00,a55360eb-0b92-40e5-ac66-0c98c43d9b7c,"['Support', 'Lead', 'Health', 'Part-Time', 'Non Tech']",Growth/Ops
1129099,VulnCheck,Senior Exploit Developer,Remote,"['Developer', 'Security', 'Technical', 'Code', 'Management', 'Senior', 'Engineering']",https://remoteok.com/remote-jobs/remote-senior-exploit-developer-vulncheck-1129099,2026-01-11T18:28:13.605225+00:00,a55360eb-0b92-40e5-ac66-0c98c43d9b7c,"['Developer', 'Security', 'Technical', 'Code', 'Management', 'Senior', 'Engineering']",DevOps
1129095,DV Labs,Technical Customer Success Manager,"Lisbon, Portugal","['Manager', 'Ethereum', 'Game', 'Technical', 'Support', 'Developer', 'Software', 'DevOps', 'Financial', 'Cloud', 'Node', 'Engineer', 'Engineering']",https://remoteok.com/remote-jobs/remote-technical-customer-success-manager-dv-labs-1129095,2026-01-11T18:28:13.605225+00:00,a55360eb-0b92-40e5-ac66-0c98c43d9b7c,"['Manager', 'Ethereum', 'Game', 'Technical', 'Support', 'Developer', 'Software', 'DevOps', 'Financial', 'Cloud', 'Node', 'Engineer', 'Engineering']",Backend/Core
1129091,Mochi Health,Associate Product Designer,Remote,"['Design', 'Designer', 'Growth', 'Operational', 'Medical', 'Health', 'Healthcare', 'Engineering']",https://remoteok.com/remote-jobs/remote-associate-product-designer-mochi-health-1129091,2026-01-11T18:28:13.605225+00:00,a55360eb-0b92-40e5-ac66-0c98c43d9b7c,"['Design', 'Designer', 'Growth', 'Operational', 'Medical', 'Health', 'Healthcare', 'Engineering']",Growth/Ops
1129086,InfStones,Senior Application Engineer,Remote,"['Design', 'Web3', 'System', 'Technical', 'Software', 'Growth', 'Code', 'DevOps', 'Cloud', 'Node', 'Leader', 'Management', 'Lead', 'Senior', 'Junior', 'Engineer', 'Engineering', 'Backend', 'Full-Time']",https://remoteok.com/remote-jobs/remote-senior-application-engineer-infstones-1129086,2026-01-11T18:28:13.605225+00:00,a55360eb-0b92-40e5-ac66-0c98c43d9b7c,"['Design', 'Web3', 'System', 'Technical', 'Software', 'Growth', 'Code', 'DevOps', 'Cloud', 'Node', 'Leader', 'Management', 'Lead', 'Senior', 'Junior', 'Engineer', 'Engineering', 'Backend', 'Full-Time']",Security
1129085,Spotify,Associate Machine Learning Engineer Trust & Safety Intelligence,Remote,"['Design', 'Support', 'Operations', 'Engineer']",https://remoteok.com/remote-jobs/remote-associate-machine-learning-engineer-trust-safety-intelligence-spotify-1129085,2026-01-11T18:28:13.605225+00:00,a55360eb-0b92-40e5-ac66-0c98c43d9b7c,"['Design', 'Support', 'Operations', 'Engineer']",Full Stack
1129084,Stedi,GTM Analytics Engineer,Remote,"['SaaS', 'Founder', 'Architect', 'Recruiter', 'Support', 'Analyst', 'Cloud', 'API', 'Operational', 'Analytics', 'Sales', 'Health', 'Healthcare', 'Recruiting', 'Engineer', 'Engineering', 'Executive']",https://remoteok.com/remote-jobs/remote-gtm-analytics-engineer-stedi-1129084,2026-01-11T18:28:13.605225+00:00,a55360eb-0b92-40e5-ac66-0c98c43d9b7c,"['SaaS', 'Founder', 'Architect', 'Recruiter', 'Support', 'Analyst', 'Cloud', 'API', 'Operational', 'Analytics', 'Sales', 'Health', 'Healthcare', 'Recruiting', 'Engineer', 'Engineering', 'Executive']",Backend/Core
1129083,Benzinga,Software Developer,Remote,"['Golang', 'Developer', 'Software', 'Python', 'Financial', 'Engineer']",https://remoteok.com/remote-jobs/remote-software-developer-benzinga-1129083,2026-01-11T18:28:13.605225+00:00,a55360eb-0b92-40e5-ac66-0c98c43d9b7c,"['Golang', 'Developer', 'Software', 'Python', 'Financial', 'Engineer']",Full Stack
1129074,InfStones,DevOps Engineer,Remote,"['Amazon', 'Web3', 'System', 'Security', 'Support', 'Software', 'Testing', 'Test', 'Code', 'Quality Assurance', 'DevOps', 'Serverless', 'Cloud', 'Git', 'Node', 'Administrator', 'Management', 'Reliability', 'Engineer', 'Linux', 'Full-Time']",https://remoteok.com/remote-jobs/remote-devops-engineer-infstones-1129074,2026-01-11T18:28:13.605225+00:00,a55360eb-0b92-40e5-ac66-0c98c43d9b7c,"['Amazon', 'Web3', 'System', 'Security', 'Support', 'Software', 'Testing', 'Test', 'Code', 'Quality Assurance', 'DevOps', 'Serverless', 'Cloud', 'Git', 'Node', 'Administrator', 'Management', 'Reliability', 'Engineer', 'Linux', 'Full-Time']",Backend/Core
1129067,Tech Innovations Inc.,Software Engineer,Remote,"['Software', 'React', 'Testing', 'Web', 'Engineer']",https://remoteok.com/remote-jobs/remote-software-engineer-tech-innovations-inc-1129067,2026-01-11T18:28:13.605225+00:00,a55360eb-0b92-40e5-ac66-0c98c43d9b7c,"['Software', 'React', 'Testing', 'Web', 'Engineer']",Full Stack
1129194,Sanctuary Computer,Senior Frontend Developer,Remote,"['Senior', 'Executive', 'Engineer', 'Developer', 'Front End']",https://remoteok.com/remote-jobs/remote-senior-frontend-developer-sanctuary-computer-1129194,2026-01-11T18:28:13.605225+00:00,a55360eb-0b92-40e5-ac66-0c98c43d9b7c,"['Senior', 'Executive', 'Engineer', 'Developer', 'Front End']",Full Stack
1129130,New Relic,Technical Support Engineer Java .Net,"Boise, Idaho, USA; Denver, Colorado, USA; Jackson, Wyoming, USA; Portland, Oregon, USA; Salt Lake City, Utah, USA; Vancouver, Washington, USA","['Technical', 'Support', 'Happiness', 'Java', 'Leader', 'Engineer']",https://remoteok.com/remote-jobs/remote-technical-support-engineer-java-net-new-relic-1129130,2026-01-13T06:33:11.872336+00:00,6c01ffde-f79c-489a-8d9d-aa8711b850ec,"['Technical', 'Support', 'Happiness', 'Java', 'Leader', 'Engineer']",Full Stack
1129121,Horace Mann,Software Engineer II,Remote,"['Software', 'GraphQL', 'React. JS', 'System', 'Front-End', 'Technical', 'Support', 'Code', 'DevOps', 'Senior', 'Junior', 'Engineer', 'Engineering']",https://remoteok.com/remote-jobs/remote-software-engineer-ii-horace-mann-1129121,2026-01-13T06:33:11.872336+00:00,6c01ffde-f79c-489a-8d9d-aa8711b850ec,"['Software', 'GraphQL', 'React. JS', 'System', 'Front-End', 'Technical', 'Support', 'Code', 'DevOps', 'Senior', 'Junior', 'Engineer', 'Engineering']",Security
1129119,Alpaca,Senior DevOps Engineer,Remote,"['Crypto', 'Code', 'DevOps', 'Financial', 'Investment', 'C', 'Cloud', 'API', 'Management', 'Senior', 'Engineer', 'Engineering']",https://remoteok.com/remote-jobs/remote-senior-devops-engineer-alpaca-1129119,2026-01-13T06:33:11.872336+00:00,6c01ffde-f79c-489a-8d9d-aa8711b850ec,"['Crypto', 'Code', 'DevOps', 'Financial', 'Investment', 'C', 'Cloud', 'API', 'Management', 'Senior', 'Engineer', 'Engineering']",Research/Specialized
1129117,Pulley,Onboarding Specialist,Remote,"['Technical', 'Growth', 'Finance', 'Management', 'Lead']",https://remoteok.com/remote-jobs/remote-onboarding-specialist-pulley-1129117,2026-01-13T06:33:11.872336+00:00,6c01ffde-f79c-489a-8d9d-aa8711b850ec,"['Technical', 'Growth', 'Finance', 'Management', 'Lead']",DevOps
1129115,Uniswap Labs,Backend Engineer Unichain,Remote,"['Design', 'Defi', 'Crypto', 'Ethereum', 'System', 'Technical', 'Code', 'Web', 'Cloud', 'API', 'Reliability', 'Engineer', 'Engineering', 'Backend']",https://remoteok.com/remote-jobs/remote-backend-engineer-unichain-uniswap-labs-1129115,2026-01-13T06:33:11.872336+00:00,6c01ffde-f79c-489a-8d9d-aa8711b850ec,"['Design', 'Defi', 'Crypto', 'Ethereum', 'System', 'Technical', 'Code', 'Web', 'Cloud', 'API', 'Reliability', 'Engineer', 'Engineering', 'Backend']",Data & AI
1129532,Sanctuary Computer,Senior Full Stack Engineer,Remote,"['Senior', 'Executive', 'Engineer', 'Developer', 'Technical', 'Backend', 'Front End', 'DevOps']",https://remoteok.com/remote-jobs/remote-senior-full-stack-engineer-sanctuary-computer-1129532,2026-01-14T06:33:22.736364+00:00,90e2a9d1-dfbe-4d5f-92ca-f85ed191b676,"['Senior', 'Executive', 'Engineer', 'Developer', 'Technical', 'Backend', 'Front End', 'DevOps']",Full Stack
1129583,Jobgether,Security Test Engineer,Remote,"['Security', 'Test', 'Design', 'System', 'Technical', 'Testing', 'Growth', 'Lead', 'Analytics', 'Engineer', 'Engineering']",https://remoteok.com/remote-jobs/remote-security-test-engineer-jobgether-1129583,2026-01-15T18:35:36.099698+00:00,dda5d739-6327-4b13-8595-0c446e0f5f66,"['Security', 'Test', 'Design', 'System', 'Technical', 'Testing', 'Growth', 'Lead', 'Analytics', 'Engineer', 'Engineering']",Data & AI
1129580,Jobgether,Director Cloud Engineering,Remote,"['Director', 'SaaS', 'System', 'Security', 'Technical', 'Support', 'Software', 'DevOps', 'Cloud', 'Strategy', 'Management', 'Lead', 'Operational', 'Reliability', 'Engineering', 'Linux']",https://remoteok.com/remote-jobs/remote-director-cloud-engineering-jobgether-1129580,2026-01-15T18:35:36.099698+00:00,dda5d739-6327-4b13-8595-0c446e0f5f66,"['Director', 'SaaS', 'System', 'Security', 'Technical', 'Support', 'Software', 'DevOps', 'Cloud', 'Strategy', 'Management', 'Lead', 'Operational', 'Reliability', 'Engineering', 'Linux']",Backend/Core
1129576,Jobgether,Senior Data Scientist,Remote,"['Design', 'System', 'Python', 'Technical', 'Support', 'Growth', 'Content', 'Senior']",https://remoteok.com/remote-jobs/remote-senior-data-scientist-jobgether-1129576,2026-01-15T18:35:36.099698+00:00,dda5d739-6327-4b13-8595-0c446e0f5f66,"['Design', 'System', 'Python', 'Technical', 'Support', 'Growth', 'Content', 'Senior']",DevOps
1129575,Jobgether,Senior Software Engineer,Remote,"['Software', 'Design', 'System', 'Security', 'Technical', 'Support', 'Code', 'JavaScript', 'PHP', 'Lead', 'Senior', 'Operational', 'Engineer', 'Engineering', 'Backend']",https://remoteok.com/remote-jobs/remote-senior-software-engineer-jobgether-1129575,2026-01-15T18:35:36.099698+00:00,dda5d739-6327-4b13-8595-0c446e0f5f66,"['Software', 'Design', 'System', 'Security', 'Technical', 'Support', 'Code', 'JavaScript', 'PHP', 'Lead', 'Senior', 'Operational', 'Engineer', 'Engineering', 'Backend']",Security
1129573,Jobgether,AEP Enterprise Architect,Remote,"['Architect', 'Amazon', 'System', 'Consulting', 'Technical', 'Growth', 'Web', 'Travel', 'Cloud', 'Microsoft', 'Leader', 'Management', 'Lead', 'Senior', 'Marketing', 'Engineering', 'Executive']",https://remoteok.com/remote-jobs/remote-aep-enterprise-architect-jobgether-1129573,2026-01-15T18:35:36.099698+00:00,dda5d739-6327-4b13-8595-0c446e0f5f66,"['Architect', 'Amazon', 'System', 'Consulting', 'Technical', 'Growth', 'Web', 'Travel', 'Cloud', 'Microsoft', 'Leader', 'Management', 'Lead', 'Senior', 'Marketing', 'Engineering', 'Executive']",DevOps
1129571,Jobgether,Sales Director,Remote,"['Director', 'System', 'Security', 'Technical', 'Growth', 'Leader', 'Strategy', 'Management', 'Lead', 'Senior', 'Marketing', 'Sales', 'Engineering']",https://remoteok.com/remote-jobs/remote-sales-director-jobgether-1129571,2026-01-15T18:35:36.099698+00:00,dda5d739-6327-4b13-8595-0c446e0f5f66,"['Director', 'System', 'Security', 'Technical', 'Growth', 'Leader', 'Strategy', 'Management', 'Lead', 'Senior', 'Marketing', 'Sales', 'Engineering']",DevOps
1129567,Jobgether,Technical Support Engineer,Remote,"['System', 'Security', 'Training', 'Technical', 'Support', 'Growth', 'Cloud', 'API', 'Engineer', 'Engineering']",https://remoteok.com/remote-jobs/remote-technical-support-engineer-jobgether-1129567,2026-01-15T18:35:36.099698+00:00,dda5d739-6327-4b13-8595-0c446e0f5f66,"['System', 'Security', 'Training', 'Technical', 'Support', 'Growth', 'Cloud', 'API', 'Engineer', 'Engineering']",Backend/Core
1129561,Jobgether,Data Engineer,Remote,"['Design', 'System', 'Growth', 'DevOps', 'Cloud', 'Management', 'Operational', 'Engineer', 'Engineering', 'Apache']",https://remoteok.com/remote-jobs/remote-data-engineer-jobgether-1129561,2026-01-15T18:35:36.099698+00:00,dda5d739-6327-4b13-8595-0c446e0f5f66,"['Design', 'System', 'Growth', 'DevOps', 'Cloud', 'Management', 'Operational', 'Engineer', 'Engineering', 'Apache']",Backend/Core
1129482,Jobgether,AEP Enterprise Architect,Remote,"['Architect', 'Amazon', 'System', 'Consulting', 'Technical', 'Growth', 'Web', 'Travel', 'Cloud', 'Microsoft', 'Leader', 'Management', 'Lead', 'Senior', 'Marketing', 'Engineering', 'Executive']",https://remoteok.com/remote-jobs/remote-aep-enterprise-architect-jobgether-1129482,2026-01-15T18:35:36.099698+00:00,dda5d739-6327-4b13-8595-0c446e0f5f66,"['Architect', 'Amazon', 'System', 'Consulting', 'Technical', 'Growth', 'Web', 'Travel', 'Cloud', 'Microsoft', 'Leader', 'Management', 'Lead', 'Senior', 'Marketing', 'Engineering', 'Executive']",DevOps
1129196,Invisible Agency,Architecture & Construction Documentation Specialist Freelance AI Trainer Project,Remote,"['Trainer', 'Support', 'Management']",https://remoteok.com/remote-jobs/remote-architecture-construction-documentation-specialist-freelance-ai-trainer-project-invisible-agency-1129196,2026-01-18T18:27:11.154326+00:00,0947971e-a0fe-4193-a68c-b594ad23d58a,"['Trainer', 'Support', 'Management']",Growth/Ops
1129199,Trase Systems,Security Engineer Cloud Security,Remote,"['Security', 'Cloud', 'Engineer']",https://remoteok.com/remote-jobs/remote-security-engineer-cloud-security-trase-systems-1129199,2026-01-18T18:27:11.154326+00:00,0947971e-a0fe-4193-a68c-b594ad23d58a,"['Security', 'Cloud', 'Engineer']",Full Stack
1129191,BitMEX,Trading Technology Engineer,Remote,"['Crypto', 'Cryptocurrency', 'Security', 'Engineer']",https://remoteok.com/remote-jobs/remote-trading-technology-engineer-bitmex-1129191,2026-01-18T18:27:11.154326+00:00,0947971e-a0fe-4193-a68c-b594ad23d58a,"['Crypto', 'Cryptocurrency', 'Security', 'Engineer']",Full Stack
1129187,ParcelHero,Software Engineer Rust Shopify,Remote,"['Software', 'C#', 'F#', 'System', 'Technical', 'Testing', 'Growth', 'Code', 'Voice', 'API', 'Management', 'Junior', 'Engineer', 'Engineering', 'Shopify']",https://remoteok.com/remote-jobs/remote-software-engineer-rust-shopify-parcelhero-1129187,2026-01-18T18:27:11.154326+00:00,0947971e-a0fe-4193-a68c-b594ad23d58a,"['Software', 'C#', 'F#', 'System', 'Technical', 'Testing', 'Growth', 'Code', 'Voice', 'API', 'Management', 'Junior', 'Engineer', 'Engineering', 'Shopify']",Data & AI
1129186,CompassX Group,Full Stack Software Engineer,Remote,"['Software', 'Design', 'React', 'Front End', 'Full-Stack', 'Architect', 'Technical', 'Support', 'Growth', 'Code', 'Lead', 'Junior', 'Engineer', 'Backend']",https://remoteok.com/remote-jobs/remote-full-stack-software-engineer-compassx-group-1129186,2026-01-18T18:27:11.154326+00:00,0947971e-a0fe-4193-a68c-b594ad23d58a,"['Software', 'Design', 'React', 'Front End', 'Full-Stack', 'Architect', 'Technical', 'Support', 'Growth', 'Code', 'Lead', 'Junior', 'Engineer', 'Backend']",Security
1129185,Goodnotes,Senior Backend Engineer,Remote,"['Support', 'Quality Assurance', 'DevOps', 'Cloud', 'Senior', 'Engineer', 'Backend']",https://remoteok.com/remote-jobs/remote-senior-backend-engineer-goodnotes-1129185,2026-01-18T18:27:11.154326+00:00,0947971e-a0fe-4193-a68c-b594ad23d58a,"['Support', 'Quality Assurance', 'DevOps', 'Cloud', 'Senior', 'Engineer', 'Backend']",Backend/Core
1129184,DeepIntent,Systems Infrastructure Engineer,"Banja Luka, Bosnia or Belgrade, Serbia","['System', 'Security', 'Technical', 'Support', 'Software', 'Cloud', 'Operational', 'Healthcare', 'Engineer', 'Linux']",https://remoteok.com/remote-jobs/remote-systems-infrastructure-engineer-deepintent-1129184,2026-01-18T18:27:11.154326+00:00,0947971e-a0fe-4193-a68c-b594ad23d58a,"['System', 'Security', 'Technical', 'Support', 'Software', 'Cloud', 'Operational', 'Healthcare', 'Engineer', 'Linux']",Backend/Core
1129183,WeightWatchers,Staff Cloud Database Engineer,Remote,"['Financial', 'Finance', 'Cloud', 'Mobile', 'Analytics', 'Health', 'Engineer']",https://remoteok.com/remote-jobs/remote-staff-cloud-database-engineer-weightwatchers-1129183,2026-01-18T18:27:11.154326+00:00,0947971e-a0fe-4193-a68c-b594ad23d58a,"['Financial', 'Finance', 'Cloud', 'Mobile', 'Analytics', 'Health', 'Engineer']",Full Stack
1129181,ThriveCart,Frontend Engineer Editor Team,Remote,"['Front End', 'SaaS', 'Technical', 'Support', 'Code', 'Cloud', 'Management', 'Sales', 'Engineer']",https://remoteok.com/remote-jobs/remote-frontend-engineer-editor-team-thrivecart-1129181,2026-01-18T18:27:11.154326+00:00,0947971e-a0fe-4193-a68c-b594ad23d58a,"['Front End', 'SaaS', 'Technical', 'Support', 'Code', 'Cloud', 'Management', 'Sales', 'Engineer']",Backend/Core
1129179,TrustArc,Privacy Assurance Program Analyst,Remote,"['Analyst', 'Salesforce', 'Training', 'Management', 'Engineering']",https://remoteok.com/remote-jobs/remote-privacy-assurance-program-analyst-trustarc-1129179,2026-01-18T18:27:11.154326+00:00,0947971e-a0fe-4193-a68c-b594ad23d58a,"['Analyst', 'Salesforce', 'Training', 'Management', 'Engineering']",DevOps
1129177,Gurobi Optimization,Software Quality Engineer,Remote,"['Software', 'React', 'Front End', 'Technical', 'Test', 'Code', 'Web', 'JavaScript', 'Cloud', 'Groovy', 'CSS', 'Engineer']",https://remoteok.com/remote-jobs/remote-software-quality-engineer-gurobi-optimization-1129177,2026-01-18T18:27:11.154326+00:00,0947971e-a0fe-4193-a68c-b594ad23d58a,"['Software', 'React', 'Front End', 'Technical', 'Test', 'Code', 'Web', 'JavaScript', 'Cloud', 'Groovy', 'CSS', 'Engineer']",Data & AI
1129175,JumpCloud,Staff Technical Product Manager Cloud Infrastructure Türkiye,Remote,"['Manager', 'Technical', 'Testing', 'Voice', 'Bank', 'Cloud', 'API', 'Microsoft', 'Strategy', 'Management', 'Lead', 'Android', 'Engineering', 'Recruitment', 'Executive']",https://remoteok.com/remote-jobs/remote-staff-technical-product-manager-cloud-infrastructure-turkiye-jumpcloud-1129175,2026-01-18T18:27:11.154326+00:00,0947971e-a0fe-4193-a68c-b594ad23d58a,"['Manager', 'Technical', 'Testing', 'Voice', 'Bank', 'Cloud', 'API', 'Microsoft', 'Strategy', 'Management', 'Lead', 'Android', 'Engineering', 'Recruitment', 'Executive']",DevOps
1129172,Anchorage Digital,Engineering Manager Self Custody,Remote,"['Manager', 'iOS', 'Crypto', 'Security', 'Technical', 'Support', 'Software', 'Growth', 'Financial', 'Investment', 'Finance', 'Bank', 'Strategy', 'Management', 'Operational', 'Legal', 'Recruiting', 'Engineering', 'Full-Time']",https://remoteok.com/remote-jobs/remote-engineering-manager-self-custody-anchorage-digital-1129172,2026-01-18T18:27:11.154326+00:00,0947971e-a0fe-4193-a68c-b594ad23d58a,"['Manager', 'iOS', 'Crypto', 'Security', 'Technical', 'Support', 'Software', 'Growth', 'Financial', 'Investment', 'Finance', 'Bank', 'Strategy', 'Management', 'Operational', 'Legal', 'Recruiting', 'Engineering', 'Full-Time']",Growth/Ops
1129205,Zipdev,Mid C# Fullstack Developer,Remote,"['C#', 'Developer', 'SaaS', 'Training', 'Technical', 'Software', 'Code', 'Voice', 'DevOps', 'Laravel', 'PHP', 'NoSQL', 'Strategy', 'Analytics', 'Sales', 'Engineering', 'Backend', 'Fullstack']",https://remoteok.com/remote-jobs/remote-mid-c-fullstack-developer-zipdev-1129205,2026-01-18T18:27:11.154326+00:00,0947971e-a0fe-4193-a68c-b594ad23d58a,"['C#', 'Developer', 'SaaS', 'Training', 'Technical', 'Software', 'Code', 'Voice', 'DevOps', 'Laravel', 'PHP', 'NoSQL', 'Strategy', 'Analytics', 'Sales', 'Engineering', 'Backend', 'Fullstack']",Security
1129171,MagicSchool AI,Software Engineer,Remote,"['Software', 'Code', 'Engineer']",https://remoteok.com/remote-jobs/remote-software-engineer-magicschool-ai-1129171,2026-01-18T18:27:11.154326+00:00,0947971e-a0fe-4193-a68c-b594ad23d58a,"['Software', 'Code', 'Engineer']",Full Stack
1129163,Ethena Labs,Senior Data Engineer,Remote,"['Crypto', 'Back-End', 'Python', 'Cto', 'Technical', 'Growth', 'Financial', 'Finance', 'Serverless', 'Cloud', 'Strategy', 'Senior', 'Junior', 'Engineer']",https://remoteok.com/remote-jobs/remote-senior-data-engineer-ethena-labs-1129163,2026-01-18T18:27:11.154326+00:00,0947971e-a0fe-4193-a68c-b594ad23d58a,"['Crypto', 'Back-End', 'Python', 'Cto', 'Technical', 'Growth', 'Financial', 'Finance', 'Serverless', 'Cloud', 'Strategy', 'Senior', 'Junior', 'Engineer']",Research/Specialized
1129162,Conduit,Product Manager,Remote,"['Manager', 'Web3', 'Crypto', 'Ethereum', 'Ceo', 'Technical', 'Developer', 'Growth', 'Cloud', 'Strategy', 'Lead', 'Operations', 'Marketing', 'Engineering']",https://remoteok.com/remote-jobs/remote-product-manager-conduit-1129162,2026-01-18T18:27:11.154326+00:00,0947971e-a0fe-4193-a68c-b594ad23d58a,"['Manager', 'Web3', 'Crypto', 'Ethereum', 'Ceo', 'Technical', 'Developer', 'Growth', 'Cloud', 'Strategy', 'Lead', 'Operations', 'Marketing', 'Engineering']",DevOps
1129159,Greenlight Financial Technology,Customer Service Specialist,Remote,"['Training', 'Recruiter', 'Support', 'Software', 'Finance', 'Fintech', 'Banking', 'Mobile', 'Engineering']",https://remoteok.com/remote-jobs/remote-customer-service-specialist-greenlight-financial-technology-1129159,2026-01-18T18:27:11.154326+00:00,0947971e-a0fe-4193-a68c-b594ad23d58a,"['Training', 'Recruiter', 'Support', 'Software', 'Finance', 'Fintech', 'Banking', 'Mobile', 'Engineering']",DevOps
1129153,Tech Innovations Inc.,Software Engineer,Remote,"['Software', 'React', 'Testing', 'Web', 'Engineer']",https://remoteok.com/remote-jobs/remote-software-engineer-tech-innovations-inc-1129153,2026-01-18T18:27:11.154326+00:00,0947971e-a0fe-4193-a68c-b594ad23d58a,"['Software', 'React', 'Testing', 'Web', 'Engineer']",Full Stack
1129150,Recidiviz,Senior Product Manager,Remote,"['Manager', 'System', 'Support', 'Software', 'Travel', 'Leader', 'Lead', 'Senior']",https://remoteok.com/remote-jobs/remote-senior-product-manager-recidiviz-1129150,2026-01-18T18:27:11.154326+00:00,0947971e-a0fe-4193-a68c-b594ad23d58a,"['Manager', 'System', 'Support', 'Software', 'Travel', 'Leader', 'Lead', 'Senior']",DevOps
1129146,3Pillar,Cloud Architect NodeJs React,Remote,"['React', 'Architect', 'Design', 'SaaS', 'Technical', 'Software', 'Growth', 'Code', 'DevOps', 'Serverless', 'Node JS', 'Cloud', 'Typescript', 'Leader', 'Strategy', 'Management', 'Health', 'Engineering', 'Backend']",https://remoteok.com/remote-jobs/remote-cloud-architect-nodejs-react-3pillar-1129146,2026-01-18T18:27:11.154326+00:00,0947971e-a0fe-4193-a68c-b594ad23d58a,"['React', 'Architect', 'Design', 'SaaS', 'Technical', 'Software', 'Growth', 'Code', 'DevOps', 'Serverless', 'Node JS', 'Cloud', 'Typescript', 'Leader', 'Strategy', 'Management', 'Health', 'Engineering', 'Backend']",Security
1129144,8VC,Software Engineer Noho Labs,Remote,"['Software', 'Design', 'Embedded', 'Designer', 'Growth', 'Admin', 'Operations', 'Analytics', 'Health', 'Engineer', 'Engineering', 'Full-Time']",https://remoteok.com/remote-jobs/remote-software-engineer-noho-labs-8vc-1129144,2026-01-18T18:27:11.154326+00:00,0947971e-a0fe-4193-a68c-b594ad23d58a,"['Software', 'Design', 'Embedded', 'Designer', 'Growth', 'Admin', 'Operations', 'Analytics', 'Health', 'Engineer', 'Engineering', 'Full-Time']",Data & AI
1129143,Mark43,Data Migration Engineer,Remote,"['Design', 'Cloud', 'Engineer']",https://remoteok.com/remote-jobs/remote-data-migration-engineer-mark43-1129143,2026-01-18T18:27:11.154326+00:00,0947971e-a0fe-4193-a68c-b594ad23d58a,"['Design', 'Cloud', 'Engineer']",Full Stack
1129142,Anduril Industries,Senior Software Engineer,"Broomfield, Colorado, United States","['Software', 'System', 'Security', '3d', 'Writer', 'Web', 'Senior', 'Excel', 'Engineer']",https://remoteok.com/remote-jobs/remote-senior-software-engineer-anduril-industries-1129142,2026-01-18T18:27:11.154326+00:00,0947971e-a0fe-4193-a68c-b594ad23d58a,"['Software', 'System', 'Security', '3d', 'Writer', 'Web', 'Senior', 'Excel', 'Engineer']",Full Stack
1129138,Ollie,Senior Product Manager E Commerce,Remote,"['Manager', 'Technical', 'Support', 'Growth', 'Scrum', 'Leader', 'Lead', 'Senior', 'Marketing', 'Health', 'Engineering', 'Ecommerce', 'E-Commerce', 'Shopify']",https://remoteok.com/remote-jobs/remote-senior-product-manager-e-commerce-ollie-1129138,2026-01-18T18:27:11.154326+00:00,0947971e-a0fe-4193-a68c-b594ad23d58a,"['Manager', 'Technical', 'Support', 'Growth', 'Scrum', 'Leader', 'Lead', 'Senior', 'Marketing', 'Health', 'Engineering', 'Ecommerce', 'E-Commerce', 'Shopify']",DevOps
1129132,Mark43,Data Migration Engineer,Remote,"['Security', 'Support', 'Management', 'Engineer', 'Engineering']",https://remoteok.com/remote-jobs/remote-data-migration-engineer-mark43-1129132,2026-01-18T18:27:11.154326+00:00,0947971e-a0fe-4193-a68c-b594ad23d58a,"['Security', 'Support', 'Management', 'Engineer', 'Engineering']",Backend/Core
1129170,Cologix,NetSuite System Analyst,Remote,"['System', 'Analyst', 'Security', 'Training', 'Technical', 'Support', 'Software', 'Test', 'Cloud', 'Management', 'Operations', 'Operational', 'Engineering', 'Full-Time']",https://remoteok.com/remote-jobs/remote-netsuite-system-analyst-cologix-1129170,2026-01-18T18:27:11.154326+00:00,0947971e-a0fe-4193-a68c-b594ad23d58a,"['System', 'Analyst', 'Security', 'Training', 'Technical', 'Support', 'Software', 'Test', 'Cloud', 'Management', 'Operations', 'Operational', 'Engineering', 'Full-Time']",Backend/Core
1129207,OpenAI,Offensive Security Engineer Agent Security,Remote,"['Security', 'Front End', 'Technical', 'Software', 'Testing', 'UI', 'Code', 'Web', 'Cloud', 'Strategy', 'Operations', 'Operational', 'Reliability', 'Engineer', 'Engineering', 'Linux']",https://remoteok.com/remote-jobs/remote-offensive-security-engineer-agent-security-openai-1129207,2026-01-18T18:27:11.154326+00:00,0947971e-a0fe-4193-a68c-b594ad23d58a,"['Security', 'Front End', 'Technical', 'Software', 'Testing', 'UI', 'Code', 'Web', 'Cloud', 'Strategy', 'Operations', 'Operational', 'Reliability', 'Engineer', 'Engineering', 'Linux']",Data & AI
1129216,Heartflow,Staff DevOps Engineer,Remote,"['3d', 'Test', 'DevOps', 'Management', 'Healthcare', 'Engineer']",https://remoteok.com/remote-jobs/remote-staff-devops-engineer-heartflow-1129216,2026-01-18T18:27:11.154326+00:00,0947971e-a0fe-4193-a68c-b594ad23d58a,"['3d', 'Test', 'DevOps', 'Management', 'Healthcare', 'Engineer']",Full Stack
1129217,xAI,Software Engineer Infrastructure Supercomputing,Remote,"['Software', 'Security', 'Training', 'Cloud', 'Engineer', 'Engineering']",https://remoteok.com/remote-jobs/remote-software-engineer-infrastructure-supercomputing-xai-1129217,2026-01-18T18:27:11.154326+00:00,0947971e-a0fe-4193-a68c-b594ad23d58a,"['Software', 'Security', 'Training', 'Cloud', 'Engineer', 'Engineering']",Backend/Core
1129263,Socure,Analytics Engineer,Remote,"['Design', 'Technical', 'Support', 'Management', 'Analytics', 'Reliability', 'Recruiting', 'Engineer', 'Engineering']",https://remoteok.com/remote-jobs/remote-analytics-engineer-socure-1129263,2026-01-18T18:27:11.154326+00:00,0947971e-a0fe-4193-a68c-b594ad23d58a,"['Design', 'Technical', 'Support', 'Management', 'Analytics', 'Reliability', 'Recruiting', 'Engineer', 'Engineering']",Backend/Core
1129262,LiveKit,Security Compliance Specialist,Remote,"['Security', 'Technical', 'Support', 'Software', 'Code', 'Management', 'Lead', 'Operations', 'Operational', 'Engineer', 'Engineering', 'Full-Time']",https://remoteok.com/remote-jobs/remote-security-compliance-specialist-livekit-1129262,2026-01-18T18:27:11.154326+00:00,0947971e-a0fe-4193-a68c-b594ad23d58a,"['Security', 'Technical', 'Support', 'Software', 'Code', 'Management', 'Lead', 'Operations', 'Operational', 'Engineer', 'Engineering', 'Full-Time']",Backend/Core
1129261,"Rebuy, Inc.",Overnight Customer Support Engineer,Remote,"['SaaS', 'Front End', 'Ceo', 'Technical', 'Recruiter', 'Support', 'Software', 'Testing', 'Test', 'Coo', 'Scrum', 'Manager', 'JavaScript', 'HTML', 'Lead', 'Legal', 'Engineer', 'Ecommerce']",https://remoteok.com/remote-jobs/remote-overnight-customer-support-engineer-rebuy-inc-1129261,2026-01-18T18:27:11.154326+00:00,0947971e-a0fe-4193-a68c-b594ad23d58a,"['SaaS', 'Front End', 'Ceo', 'Technical', 'Recruiter', 'Support', 'Software', 'Testing', 'Test', 'Coo', 'Scrum', 'Manager', 'JavaScript', 'HTML', 'Lead', 'Legal', 'Engineer', 'Ecommerce']",DevOps
1129259,Anchorage Digital,Member of Technical Staff Atlas,Remote,"['Design', 'Crypto', 'Cryptocurrency', 'System', 'Security', 'Technical', 'Software', 'Testing', 'Growth', 'Code', 'Manager', 'Financial', 'Finance', 'Bank', 'C++', 'Cloud', 'API', 'Legal', 'Engineering', 'Backend']",https://remoteok.com/remote-jobs/remote-member-of-technical-staff-atlas-anchorage-digital-1129259,2026-01-18T18:27:11.154326+00:00,0947971e-a0fe-4193-a68c-b594ad23d58a,"['Design', 'Crypto', 'Cryptocurrency', 'System', 'Security', 'Technical', 'Software', 'Testing', 'Growth', 'Code', 'Manager', 'Financial', 'Finance', 'Bank', 'C++', 'Cloud', 'API', 'Legal', 'Engineering', 'Backend']",Data & AI
1129258,Loft Orbital Solutions,Senior Security Engineer,"Golden, CO or San Francisco","['Security', 'Design', 'Software', 'Growth', 'Code', 'Financial', 'Senior', 'Operations', 'Health', 'Healthcare', 'Engineer', 'Engineering']",https://remoteok.com/remote-jobs/remote-senior-security-engineer-loft-orbital-solutions-1129258,2026-01-18T18:27:11.154326+00:00,0947971e-a0fe-4193-a68c-b594ad23d58a,"['Security', 'Design', 'Software', 'Growth', 'Code', 'Financial', 'Senior', 'Operations', 'Health', 'Healthcare', 'Engineer', 'Engineering']",Data & AI
1129248,Illumio,Solution Engineer Inside Sales Support,Remote,"['Salesforce', 'Security', 'Game', 'Technical', 'Support', 'Software', 'Financial', 'Cloud', 'Microsoft', 'Leader', 'Operational', 'Sales', 'Health', 'Engineer', 'Recruitment', 'Executive']",https://remoteok.com/remote-jobs/remote-solution-engineer-inside-sales-support-illumio-1129248,2026-01-18T18:27:11.154326+00:00,0947971e-a0fe-4193-a68c-b594ad23d58a,"['Salesforce', 'Security', 'Game', 'Technical', 'Support', 'Software', 'Financial', 'Cloud', 'Microsoft', 'Leader', 'Operational', 'Sales', 'Health', 'Engineer', 'Recruitment', 'Executive']",Backend/Core
1129245,Stacklok,Software Engineer II Golang,Remote,"['Software', 'Design', 'System', 'Front End', 'Code', 'Management', 'Golang', 'Engineer', 'Backend']",https://remoteok.com/remote-jobs/remote-software-engineer-ii-golang-stacklok-1129245,2026-01-18T18:27:11.154326+00:00,0947971e-a0fe-4193-a68c-b594ad23d58a,"['Software', 'Design', 'System', 'Front End', 'Code', 'Management', 'Golang', 'Engineer', 'Backend']",Security
1129243,Oxylabs,Senior Web Scraping Engineer Python,Remote,"['Python', 'Web', 'System', 'Front-End', 'Back-End', 'Support', 'CSS', 'Senior', 'Go', 'Engineer']",https://remoteok.com/remote-jobs/remote-senior-web-scraping-engineer-python-oxylabs-1129243,2026-01-18T18:27:11.154326+00:00,0947971e-a0fe-4193-a68c-b594ad23d58a,"['Python', 'Web', 'System', 'Front-End', 'Back-End', 'Support', 'CSS', 'Senior', 'Go', 'Engineer']",Full Stack
1129242,Alpaca,Events Marketing Manager,Remote,"['Manager', 'Crypto', 'Developer', 'Financial', 'Investment', 'C', 'API', 'Strategy', 'Marketing', 'Executive']",https://remoteok.com/remote-jobs/remote-events-marketing-manager-alpaca-1129242,2026-01-18T18:27:11.154326+00:00,0947971e-a0fe-4193-a68c-b594ad23d58a,"['Manager', 'Crypto', 'Developer', 'Financial', 'Investment', 'C', 'API', 'Strategy', 'Marketing', 'Executive']",Research/Specialized
1129241,capital.com,Java Software Engineer,Remote,"['Software', 'Design', 'Security', 'Code', 'Financial', 'Java', 'Operations', 'Reliability', 'Engineer', 'Engineering', 'Backend']",https://remoteok.com/remote-jobs/remote-java-software-engineer-capital-com-1129241,2026-01-18T18:27:11.154326+00:00,0947971e-a0fe-4193-a68c-b594ad23d58a,"['Software', 'Design', 'Security', 'Code', 'Financial', 'Java', 'Operations', 'Reliability', 'Engineer', 'Engineering', 'Backend']",Data & AI
1129240,Shakepay,Staff Software Engineer,Remote,"['Software', 'Bitcoin', 'Financial', 'Engineer']",https://remoteok.com/remote-jobs/remote-staff-software-engineer-shakepay-1129240,2026-01-18T18:27:11.154326+00:00,0947971e-a0fe-4193-a68c-b594ad23d58a,"['Software', 'Bitcoin', 'Financial', 'Engineer']",Full Stack
1129232,Quicknode,Senior Infrastructure Engineer Core Systems,Remote,"['Design', 'Web3', 'Technical', 'Support', 'Cloud', 'Management', 'Senior', 'Operational', 'Go', 'Engineer', 'Engineering']",https://remoteok.com/remote-jobs/remote-senior-infrastructure-engineer-core-systems-quicknode-1129232,2026-01-18T18:27:11.154326+00:00,0947971e-a0fe-4193-a68c-b594ad23d58a,"['Design', 'Web3', 'Technical', 'Support', 'Cloud', 'Management', 'Senior', 'Operational', 'Go', 'Engineer', 'Engineering']",Backend/Core
1129231,Pulley,Customer Support Specialist,Remote,"['Technical', 'Support', 'Growth', 'Financial', 'Management', 'Engineering']",https://remoteok.com/remote-jobs/remote-customer-support-specialist-pulley-1129231,2026-01-18T18:27:11.154326+00:00,0947971e-a0fe-4193-a68c-b594ad23d58a,"['Technical', 'Support', 'Growth', 'Financial', 'Management', 'Engineering']",Growth/Ops
1129230,NMI,Staff Software Engineer,Remote,"['Software', 'Design', 'C#', 'Technical', 'Support', 'Code', 'Microsoft', 'Junior', 'Operational', 'Reliability', 'Engineer', 'Engineering', 'Backend']",https://remoteok.com/remote-jobs/remote-staff-software-engineer-nmi-1129230,2026-01-18T18:27:11.154326+00:00,0947971e-a0fe-4193-a68c-b594ad23d58a,"['Software', 'Design', 'C#', 'Technical', 'Support', 'Code', 'Microsoft', 'Junior', 'Operational', 'Reliability', 'Engineer', 'Engineering', 'Backend']",Security
1129229,Red Cell Partners,Security Engineer Cloud Security,Remote,"['Security', 'Software', 'Cloud', 'Management', 'Excel', 'Engineer', 'Engineering']",https://remoteok.com/remote-jobs/remote-security-engineer-cloud-security-red-cell-partners-1129229,2026-01-18T18:27:11.154326+00:00,0947971e-a0fe-4193-a68c-b594ad23d58a,"['Security', 'Software', 'Cloud', 'Management', 'Excel', 'Engineer', 'Engineering']",Backend/Core
1129228,Omada Health,Senior Software Engineer Platform,Remote,"['Software', 'Design', 'Technical', 'Support', 'DevOps', 'Cloud', 'Senior', 'Operational', 'Medical', 'Health', 'Healthcare', 'Engineer', 'Engineering']",https://remoteok.com/remote-jobs/remote-senior-software-engineer-platform-omada-health-1129228,2026-01-18T18:27:11.154326+00:00,0947971e-a0fe-4193-a68c-b594ad23d58a,"['Software', 'Design', 'Technical', 'Support', 'DevOps', 'Cloud', 'Senior', 'Operational', 'Medical', 'Health', 'Healthcare', 'Engineer', 'Engineering']",Backend/Core
1129226,Braze,Senior Platform Infrastructure Engineer II,Remote,"['Growth', 'Cloud', 'Senior', 'Operational', 'Engineer', 'Engineering']",https://remoteok.com/remote-jobs/remote-senior-platform-infrastructure-engineer-ii-braze-1129226,2026-01-18T18:27:11.154326+00:00,0947971e-a0fe-4193-a68c-b594ad23d58a,"['Growth', 'Cloud', 'Senior', 'Operational', 'Engineer', 'Engineering']",Backend/Core
1129225,HumanSignal,Support Engineer,Remote,"['Training', 'Technical', 'Support', 'Test', 'Engineer', 'Engineering']",https://remoteok.com/remote-jobs/remote-support-engineer-humansignal-1129225,2026-01-18T18:27:11.154326+00:00,0947971e-a0fe-4193-a68c-b594ad23d58a,"['Training', 'Technical', 'Support', 'Test', 'Engineer', 'Engineering']",Backend/Core
1129131,Tech Solutions Inc.,Software Engineer,Remote,"['Software', 'React', 'Code', 'Web', 'Engineer']",https://remoteok.com/remote-jobs/remote-software-engineer-tech-solutions-inc-1129131,2026-01-18T18:27:11.154326+00:00,0947971e-a0fe-4193-a68c-b594ad23d58a,"['Software', 'React', 'Code', 'Web', 'Engineer']",Full Stack
1129224,Inkitt,Senior DevOps Engineer,Remote,"['Redis', 'System', 'Security', 'Support', 'DevOps', 'Elasticsearch', 'C', 'Cloud', 'PostgreSQL', 'Senior', 'Analytics', 'Reliability', 'Engineer', 'Backend']",https://remoteok.com/remote-jobs/remote-senior-devops-engineer-inkitt-1129224,2026-01-18T18:27:11.154326+00:00,0947971e-a0fe-4193-a68c-b594ad23d58a,"['Redis', 'System', 'Security', 'Support', 'DevOps', 'Elasticsearch', 'C', 'Cloud', 'PostgreSQL', 'Senior', 'Analytics', 'Reliability', 'Engineer', 'Backend']",Backend/Core
1129223,Ava Labs,Staff Protocol Engineer EVM,Remote,"['Web3', 'Code', 'Engineer', 'Engineering']",https://remoteok.com/remote-jobs/remote-staff-protocol-engineer-evm-ava-labs-1129223,2026-01-18T18:27:11.154326+00:00,0947971e-a0fe-4193-a68c-b594ad23d58a,"['Web3', 'Code', 'Engineer', 'Engineering']",Full Stack
1129220,2100 NVIDIA USA,Senior Systems Engineer Software,Remote,"['Software', 'Front End', 'Technical', 'Support', 'Test', 'Code', 'Cloud', 'API', 'Leader', 'Senior', 'Golang', 'Engineer', 'Engineering', 'Backend']",https://remoteok.com/remote-jobs/remote-senior-systems-engineer-software-2100-nvidia-usa-1129220,2026-01-18T18:27:11.154326+00:00,0947971e-a0fe-4193-a68c-b594ad23d58a,"['Software', 'Front End', 'Technical', 'Support', 'Test', 'Code', 'Cloud', 'API', 'Leader', 'Senior', 'Golang', 'Engineer', 'Engineering', 'Backend']",Security
1129294,The Allen Institute for Artificial Intelligence,Senior Research Engineer OLMo,Remote,"['Senior', 'Excel', 'Engineer', 'Engineering']",https://remoteok.com/remote-jobs/remote-senior-research-engineer-olmo-the-allen-institute-for-artificial-intelligence-1129294,2026-01-19T06:37:44.924839+00:00,d18e91f5-846b-4da3-b487-43d8f31a2051,"['Senior', 'Excel', 'Engineer', 'Engineering']",Full Stack
1129291,Field AI,Operations Recruiter,Remote,"['Design', 'Technical', 'Recruiter', 'Support', 'Software', 'Financial', 'Finance', 'Robotics', 'Management', 'Senior', 'Operations', 'Analytics', 'Sales', 'Go', 'Recruiting', 'Executive']",https://remoteok.com/remote-jobs/remote-operations-recruiter-field-ai-1129291,2026-01-19T06:37:44.924839+00:00,d18e91f5-846b-4da3-b487-43d8f31a2051,"['Design', 'Technical', 'Recruiter', 'Support', 'Software', 'Financial', 'Finance', 'Robotics', 'Management', 'Senior', 'Operations', 'Analytics', 'Sales', 'Go', 'Recruiting', 'Executive']",Research/Specialized
1129290,MeridianLink,Full Stack Software Engineer III Angular Java,Remote,"['Software', 'Design', 'Front-End', 'Back-End', 'Full-Stack', 'Technical', 'Support', 'Testing', 'UI', 'Code', 'Web', 'DevOps', 'Java', 'Angular', 'Lead', 'Senior', 'Junior', 'Engineer']",https://remoteok.com/remote-jobs/remote-full-stack-software-engineer-iii-angular-java-meridianlink-1129290,2026-01-19T06:37:44.924839+00:00,d18e91f5-846b-4da3-b487-43d8f31a2051,"['Software', 'Design', 'Front-End', 'Back-End', 'Full-Stack', 'Technical', 'Support', 'Testing', 'UI', 'Code', 'Web', 'DevOps', 'Java', 'Angular', 'Lead', 'Senior', 'Junior', 'Engineer']",Security
1129287,Field Nation,Software Engineer,Remote,"['Software', 'SaaS', 'React', 'Docker', 'Technical', 'Support', 'Growth', 'Web', 'PHP', 'HTML', 'Git', 'MySQL', 'Node. JS', 'Mobile', 'Engineer', 'Engineering', 'Linux']",https://remoteok.com/remote-jobs/remote-software-engineer-field-nation-1129287,2026-01-19T06:37:44.924839+00:00,d18e91f5-846b-4da3-b487-43d8f31a2051,"['Software', 'SaaS', 'React', 'Docker', 'Technical', 'Support', 'Growth', 'Web', 'PHP', 'HTML', 'Git', 'MySQL', 'Node. JS', 'Mobile', 'Engineer', 'Engineering', 'Linux']",Backend/Core
1129285,Braze,Platform Security Engineer,Remote,"['Security', 'Growth', 'Engineer', 'Engineering']",https://remoteok.com/remote-jobs/remote-platform-security-engineer-braze-1129285,2026-01-19T06:37:44.924839+00:00,d18e91f5-846b-4da3-b487-43d8f31a2051,"['Security', 'Growth', 'Engineer', 'Engineering']",Full Stack
1129282,Deposco,Software Engineer Integrations,Remote,"['Software', 'Design', 'SaaS', 'Amazon', 'Front-End', 'Back-End', 'UI', 'Web', 'Java', 'MySQL', 'API', 'Management', 'Health', 'Engineer', 'Engineering', 'Apache', 'E-Commerce']",https://remoteok.com/remote-jobs/remote-software-engineer-integrations-deposco-1129282,2026-01-19T06:37:44.924839+00:00,d18e91f5-846b-4da3-b487-43d8f31a2051,"['Software', 'Design', 'SaaS', 'Amazon', 'Front-End', 'Back-End', 'UI', 'Web', 'Java', 'MySQL', 'API', 'Management', 'Health', 'Engineer', 'Engineering', 'Apache', 'E-Commerce']",Data & AI
1129273,Flex,Product Owner Payments,Remote,"['Design', 'SaaS', 'Security', 'Support', 'Growth', 'Financial', 'Finance', 'Fintech', 'Banking', 'Mobile', 'Management', 'Operations', 'Operational', 'Analytics', 'Legal', 'Engineering']",https://remoteok.com/remote-jobs/remote-product-owner-payments-flex-1129273,2026-01-19T06:37:44.924839+00:00,d18e91f5-846b-4da3-b487-43d8f31a2051,"['Design', 'SaaS', 'Security', 'Support', 'Growth', 'Financial', 'Finance', 'Fintech', 'Banking', 'Mobile', 'Management', 'Operations', 'Operational', 'Analytics', 'Legal', 'Engineering']",Growth/Ops
1129271,Corelight,Manager Security Product Research,Remote,"['Security', 'Manager', 'Cloud', 'Leader']",https://remoteok.com/remote-jobs/remote-manager-security-product-research-corelight-1129271,2026-01-19T06:37:44.924839+00:00,d18e91f5-846b-4da3-b487-43d8f31a2051,"['Security', 'Manager', 'Cloud', 'Leader']",DevOps
1129270,MeridianLink,Software Engineer III,Remote,"['Software', 'Design', 'C#', 'React', 'System', 'Technical', 'Web', 'Senior', 'Engineer']",https://remoteok.com/remote-jobs/remote-software-engineer-iii-meridianlink-1129270,2026-01-19T06:37:44.924839+00:00,d18e91f5-846b-4da3-b487-43d8f31a2051,"['Software', 'Design', 'C#', 'React', 'System', 'Technical', 'Web', 'Senior', 'Engineer']",Full Stack
1129268,Immutable,Technical Customer Growth Manager,Remote,"['Growth', 'Manager', 'SaaS', 'Web3', 'NFT', 'Game', 'Gaming', 'Technical', 'Support', 'Strategy', 'Health', 'Engineering', 'Recruitment']",https://remoteok.com/remote-jobs/remote-technical-customer-growth-manager-immutable-1129268,2026-01-19T06:37:44.924839+00:00,d18e91f5-846b-4da3-b487-43d8f31a2051,"['Growth', 'Manager', 'SaaS', 'Web3', 'NFT', 'Game', 'Gaming', 'Technical', 'Support', 'Strategy', 'Health', 'Engineering', 'Recruitment']",Growth/Ops
1129267,BitMEX,Senior Software Engineer Trading Technology,Remote,"['Software', 'Crypto', 'Cryptocurrency', 'Security', 'Senior', 'Engineer']",https://remoteok.com/remote-jobs/remote-senior-software-engineer-trading-technology-bitmex-1129267,2026-01-19T06:37:44.924839+00:00,d18e91f5-846b-4da3-b487-43d8f31a2051,"['Software', 'Crypto', 'Cryptocurrency', 'Security', 'Senior', 'Engineer']",Full Stack
1129266,Sumo Logic,Software Engineer I Dev Tooling,Remote,"['Software', 'Design', 'System', 'Technical', 'Support', 'Developer', 'Code', 'Web', 'JavaScript', 'Strategy', 'Senior', 'Engineer', 'Engineering']",https://remoteok.com/remote-jobs/remote-software-engineer-i-dev-tooling-sumo-logic-1129266,2026-01-19T06:37:44.924839+00:00,d18e91f5-846b-4da3-b487-43d8f31a2051,"['Software', 'Design', 'System', 'Technical', 'Support', 'Developer', 'Code', 'Web', 'JavaScript', 'Strategy', 'Senior', 'Engineer', 'Engineering']",Security
1129265,LiveKit,Distributed Systems Engineer,Remote,"['Design', 'Technical', 'Support', 'Developer', 'Cloud', 'Operational', 'Reliability', 'Engineer', 'Engineering']",https://remoteok.com/remote-jobs/remote-distributed-systems-engineer-livekit-1129265,2026-01-19T06:37:44.924839+00:00,d18e91f5-846b-4da3-b487-43d8f31a2051,"['Design', 'Technical', 'Support', 'Developer', 'Cloud', 'Operational', 'Reliability', 'Engineer', 'Engineering']",Backend/Core
1129264,Socure,Sales Enablement and Training Manager,Remote,"['Training', 'Manager', 'System', 'Management', 'Sales', 'Recruiting']",https://remoteok.com/remote-jobs/remote-sales-enablement-and-training-manager-socure-1129264,2026-01-19T06:37:44.924839+00:00,d18e91f5-846b-4da3-b487-43d8f31a2051,"['Training', 'Manager', 'System', 'Management', 'Sales', 'Recruiting']",Growth/Ops
1129274,HighlightTA,Director IT & Security,Remote,"['Security', 'Director', 'Training', 'Support', 'Software', 'Testing', 'Edu', 'Investor', 'Cloud', 'Senior', 'Operations', 'Operational', 'Recruitment']",https://remoteok.com/remote-jobs/remote-director-it-security-highlightta-1129274,2026-01-19T06:37:44.924839+00:00,d18e91f5-846b-4da3-b487-43d8f31a2051,"['Security', 'Director', 'Training', 'Support', 'Software', 'Testing', 'Edu', 'Investor', 'Cloud', 'Senior', 'Operations', 'Operational', 'Recruitment']",Backend/Core
1129302,Sayari,Data Engineer,Remote,"['Python', 'Software', 'Code', 'Financial', 'Investment', 'Scala', 'Engineer', 'Engineering']",https://remoteok.com/remote-jobs/remote-data-engineer-sayari-1129302,2026-01-20T06:35:21.555336+00:00,3a6d9e08-b937-4118-9090-67bea98d22d8,"['Python', 'Software', 'Code', 'Financial', 'Investment', 'Scala', 'Engineer', 'Engineering']",Full Stack
1129301,Field AI,Director of Narrative and Video Storytelling,Remote,"['Director', 'Technical', 'Support', 'Software', 'Web', 'Video', 'Robotics', 'Leader', 'Lead', 'Content', 'Sales', 'Go', 'Executive']",https://remoteok.com/remote-jobs/remote-director-of-narrative-and-video-storytelling-field-ai-1129301,2026-01-20T06:35:21.555336+00:00,3a6d9e08-b937-4118-9090-67bea98d22d8,"['Director', 'Technical', 'Support', 'Software', 'Web', 'Video', 'Robotics', 'Leader', 'Lead', 'Content', 'Sales', 'Go', 'Executive']",DevOps
1129300,2100 NVIDIA USA,Senior GenAI Technical Lead Partner Platforms,"US, CA, Santa Clara","['Design', 'Technical', 'Support', 'Software', 'Growth', 'Cloud', 'Leader', 'Strategy', 'Lead', 'Senior', 'Engineering']",https://remoteok.com/remote-jobs/remote-senior-genai-technical-lead-partner-platforms-2100-nvidia-usa-1129300,2026-01-20T06:35:21.555336+00:00,3a6d9e08-b937-4118-9090-67bea98d22d8,"['Design', 'Technical', 'Support', 'Software', 'Growth', 'Cloud', 'Leader', 'Strategy', 'Lead', 'Senior', 'Engineering']",DevOps
1129296,Little Thinking Minds,Senior DevOps Engineer,Remote,"['Security', 'Students', 'Architect', 'Technical', 'Support', 'DevOps', 'Cloud', 'Lead', 'Senior', 'Junior', 'Operational', 'Engineer']",https://remoteok.com/remote-jobs/remote-senior-devops-engineer-little-thinking-minds-1129296,2026-01-20T06:35:21.555336+00:00,3a6d9e08-b937-4118-9090-67bea98d22d8,"['Security', 'Students', 'Architect', 'Technical', 'Support', 'DevOps', 'Cloud', 'Lead', 'Senior', 'Junior', 'Operational', 'Engineer']",Backend/Core
1129349,Mento,Frontend Product Engineer,Remote,"['Front End', 'Design', 'Growth', 'Engineer', 'Engineering']",https://remoteok.com/remote-jobs/remote-frontend-product-engineer-mento-1129349,2026-01-20T18:36:01.066338+00:00,97d07740-9e00-49d7-b6ff-6b8e1b8148ad,"['Front End', 'Design', 'Growth', 'Engineer', 'Engineering']",Full Stack
1129337,FalconX,Product Security Engineer DeFi,Remote,"['Defi', 'Security', 'Design', 'Crypto', 'Cryptocurrency', 'Support', 'Code', 'Financial', 'Finance', 'Management', 'Engineer', 'Engineering']",https://remoteok.com/remote-jobs/remote-product-security-engineer-defi-falconx-1129337,2026-01-20T18:36:01.066338+00:00,97d07740-9e00-49d7-b6ff-6b8e1b8148ad,"['Defi', 'Security', 'Design', 'Crypto', 'Cryptocurrency', 'Support', 'Code', 'Financial', 'Finance', 'Management', 'Engineer', 'Engineering']",Data & AI
1129336,Arize AI,Senior Frontend Engineer,Remote,"['Front End', 'React', 'Typescript', 'API', 'Senior', 'Junior', 'Engineer', 'Engineering', 'Backend']",https://remoteok.com/remote-jobs/remote-senior-frontend-engineer-arize-ai-1129336,2026-01-20T18:36:01.066338+00:00,97d07740-9e00-49d7-b6ff-6b8e1b8148ad,"['Front End', 'React', 'Typescript', 'API', 'Senior', 'Junior', 'Engineer', 'Engineering', 'Backend']",Full Stack
1129335,Wormhole Foundation,Site Reliability Engineer,Remote,"['Security', 'Support', 'Operational', 'Reliability', 'Engineer']",https://remoteok.com/remote-jobs/remote-site-reliability-engineer-wormhole-foundation-1129335,2026-01-20T18:36:01.066338+00:00,97d07740-9e00-49d7-b6ff-6b8e1b8148ad,"['Security', 'Support', 'Operational', 'Reliability', 'Engineer']",Backend/Core
1129332,Nansen.ai,Senior Data Engineer,Remote,"['Crypto', 'Software', 'Senior', 'Operational', 'Analytics', 'Engineer', 'Engineering']",https://remoteok.com/remote-jobs/remote-senior-data-engineer-nansen-ai-1129332,2026-01-20T18:36:01.066338+00:00,97d07740-9e00-49d7-b6ff-6b8e1b8148ad,"['Crypto', 'Software', 'Senior', 'Operational', 'Analytics', 'Engineer', 'Engineering']",Full Stack
1129331,GiveDirectly,Social Media Manager,Remote,"['Manager', 'Software', 'Financial', 'Management', 'Operations']",https://remoteok.com/remote-jobs/remote-social-media-manager-givedirectly-1129331,2026-01-20T18:36:01.066338+00:00,97d07740-9e00-49d7-b6ff-6b8e1b8148ad,"['Manager', 'Software', 'Financial', 'Management', 'Operations']",Growth/Ops
1129330,Teleport,Senior Full Stack Engineer,Remote,"['Design', 'Security', 'Recruiter', 'Support', 'Code', 'Voice', 'Edu', 'Investment', 'Typescript', 'Senior', 'Go', 'Health', 'Engineer', 'Engineering']",https://remoteok.com/remote-jobs/remote-senior-full-stack-engineer-teleport-1129330,2026-01-20T18:36:01.066338+00:00,97d07740-9e00-49d7-b6ff-6b8e1b8148ad,"['Design', 'Security', 'Recruiter', 'Support', 'Code', 'Voice', 'Edu', 'Investment', 'Typescript', 'Senior', 'Go', 'Health', 'Engineer', 'Engineering']",Backend/Core
1129326,CoinGecko,Product Manager GeckoTerminal,Remote,"['Manager', 'Design', 'Crypto', 'Cryptocurrency', 'Support', 'Software', 'Test', 'Growth', 'Voice', 'Financial', 'Edu', 'Leader', 'Marketing']",https://remoteok.com/remote-jobs/remote-product-manager-geckoterminal-coingecko-1129326,2026-01-20T18:36:01.066338+00:00,97d07740-9e00-49d7-b6ff-6b8e1b8148ad,"['Manager', 'Design', 'Crypto', 'Cryptocurrency', 'Support', 'Software', 'Test', 'Growth', 'Voice', 'Financial', 'Edu', 'Leader', 'Marketing']",Growth/Ops
1129325,Alpaca,Senior Analytics Engineer,Remote,"['Crypto', 'Technical', 'Support', 'Financial', 'Investment', 'Finance', 'C', 'API', 'Senior', 'Operations', 'Operational', 'Marketing', 'Analytics', 'Engineer', 'Executive']",https://remoteok.com/remote-jobs/remote-senior-analytics-engineer-alpaca-1129325,2026-01-20T18:36:01.066338+00:00,97d07740-9e00-49d7-b6ff-6b8e1b8148ad,"['Crypto', 'Technical', 'Support', 'Financial', 'Investment', 'Finance', 'C', 'API', 'Senior', 'Operations', 'Operational', 'Marketing', 'Analytics', 'Engineer', 'Executive']",Research/Specialized
1129323,Sanctuary,BIM Modeler,Remote,"['Design', 'System', '3d', 'Consultant', 'Consulting', 'Technical', 'Support', 'Test', 'Management', 'Lead', 'Engineering']",https://remoteok.com/remote-jobs/remote-bim-modeler-sanctuary-1129323,2026-01-20T18:36:01.066338+00:00,97d07740-9e00-49d7-b6ff-6b8e1b8148ad,"['Design', 'System', '3d', 'Consultant', 'Consulting', 'Technical', 'Support', 'Test', 'Management', 'Lead', 'Engineering']",DevOps
1129314,Unlimited Technology,Junior Account Manager,Remote,"['Manager', 'Security', 'Support', 'Management', 'Junior', 'Sales', 'Healthcare', 'Non Tech']",https://remoteok.com/remote-jobs/remote-junior-account-manager-unlimited-technology-1129314,2026-01-20T18:36:01.066338+00:00,97d07740-9e00-49d7-b6ff-6b8e1b8148ad,"['Manager', 'Security', 'Support', 'Management', 'Junior', 'Sales', 'Healthcare', 'Non Tech']",Growth/Ops
1129310,Best Egg,Web Analyst Web Data and Analytics,Remote,"['Web', 'Analyst', 'Technical', 'Testing', 'Growth', 'Director', 'Financial', 'Strategy', 'Management', 'Lead', 'Marketing', 'Analytics', 'Health']",https://remoteok.com/remote-jobs/remote-web-analyst-web-data-and-analytics-best-egg-1129310,2026-01-20T18:36:01.066338+00:00,97d07740-9e00-49d7-b6ff-6b8e1b8148ad,"['Web', 'Analyst', 'Technical', 'Testing', 'Growth', 'Director', 'Financial', 'Strategy', 'Management', 'Lead', 'Marketing', 'Analytics', 'Health']",Growth/Ops
1129308,HugeInc,Senior Data Engineer,Remote,"['Support', 'Senior', 'Engineer', 'Engineering']",https://remoteok.com/remote-jobs/remote-senior-data-engineer-hugeinc-1129308,2026-01-20T18:36:01.066338+00:00,97d07740-9e00-49d7-b6ff-6b8e1b8148ad,"['Support', 'Senior', 'Engineer', 'Engineering']",Full Stack
1129307,Intrinsic,Performance Application Engineer Intelligent Factory,Remote,"['System', 'Technical', 'Software', 'Testing', 'Test', 'C++', 'Robotics', 'Strategy', 'Lead', 'Reliability', 'Engineer']",https://remoteok.com/remote-jobs/remote-performance-application-engineer-intelligent-factory-intrinsic-1129307,2026-01-20T18:36:01.066338+00:00,97d07740-9e00-49d7-b6ff-6b8e1b8148ad,"['System', 'Technical', 'Software', 'Testing', 'Test', 'C++', 'Robotics', 'Strategy', 'Lead', 'Reliability', 'Engineer']",Product
1129305,Leona Health,Staff Software Engineer Backend,Remote,"['Software', 'Python', 'Cto', 'Technical', 'Strategy', 'Medical', 'Health', 'Engineer', 'Engineering', 'Backend']",https://remoteok.com/remote-jobs/remote-staff-software-engineer-backend-leona-health-1129305,2026-01-20T18:36:01.066338+00:00,97d07740-9e00-49d7-b6ff-6b8e1b8148ad,"['Software', 'Python', 'Cto', 'Technical', 'Strategy', 'Medical', 'Health', 'Engineer', 'Engineering', 'Backend']",Full Stack
1129304,Magna Legal Services,AI Engineer,Remote,"['Support', 'Legal', 'Engineer']",https://remoteok.com/remote-jobs/remote-ai-engineer-magna-legal-services-1129304,2026-01-20T18:36:01.066338+00:00,97d07740-9e00-49d7-b6ff-6b8e1b8148ad,"['Support', 'Legal', 'Engineer']",Full Stack
1129339,Calendly,Full Stack Engineer Contacts,Remote,"['Design', 'SaaS', 'React', 'Front-End', 'Technical', 'Software', 'Growth', 'Web', 'Cloud', 'Node. JS', 'Engineer', 'Engineering', 'Backend']",https://remoteok.com/remote-jobs/remote-full-stack-engineer-contacts-calendly-1129339,2026-01-20T18:36:01.066338+00:00,97d07740-9e00-49d7-b6ff-6b8e1b8148ad,"['Design', 'SaaS', 'React', 'Front-End', 'Technical', 'Software', 'Growth', 'Web', 'Cloud', 'Node. JS', 'Engineer', 'Engineering', 'Backend']",Data & AI
1129340,GiveDirectly,Technical Program Associate,Remote,"['Technical', 'Software', 'Financial', 'Operations']",https://remoteok.com/remote-jobs/remote-technical-program-associate-givedirectly-1129340,2026-01-20T18:36:01.066338+00:00,97d07740-9e00-49d7-b6ff-6b8e1b8148ad,"['Technical', 'Software', 'Financial', 'Operations']",Research/Specialized
1129341,Outreach,Staff Software Engineer Backend with Close 10 years of experience,Remote,"['Software', 'Design', 'Technical', 'Code', 'Microsoft', 'Senior', 'Sales', 'Engineer', 'Backend']",https://remoteok.com/remote-jobs/remote-staff-software-engineer-backend-with-close-10-years-of-experience-outreach-1129341,2026-01-20T18:36:01.066338+00:00,97d07740-9e00-49d7-b6ff-6b8e1b8148ad,"['Software', 'Design', 'Technical', 'Code', 'Microsoft', 'Senior', 'Sales', 'Engineer', 'Backend']",Security
1129344,"Railroad19, Inc",Cloud Full Stack Python Software Engineer US,Remote,"['Python', 'Software', 'React', 'Technical', 'Code', 'Serverless', 'Cloud', 'NoSQL', 'Angular', 'Health', 'Engineer', 'Engineering', 'Full-Time']",https://remoteok.com/remote-jobs/remote-cloud-full-stack-python-software-engineer-us-railroad19-inc-1129344,2026-01-20T18:36:01.066338+00:00,97d07740-9e00-49d7-b6ff-6b8e1b8148ad,"['Python', 'Software', 'React', 'Technical', 'Code', 'Serverless', 'Cloud', 'NoSQL', 'Angular', 'Health', 'Engineer', 'Engineering', 'Full-Time']",Backend/Core
1129350,CloudWalk,Internal Controls & Policy Adherence Testing Analyst,Remote,"['Testing', 'Analyst', 'Design', 'Technical', 'Support', 'Test', 'Financial', 'Operations', 'Operational', 'Engineering']",https://remoteok.com/remote-jobs/remote-internal-controls-amp-policy-adherence-testing-analyst-cloudwalk-1129350,2026-01-20T18:36:01.066338+00:00,97d07740-9e00-49d7-b6ff-6b8e1b8148ad,"['Testing', 'Analyst', 'Design', 'Technical', 'Support', 'Test', 'Financial', 'Operations', 'Operational', 'Engineering']",Research/Specialized
1129309,xAI,Software Engineer Infrastructure,Remote,"['Software', 'Engineer', 'Engineering']",https://remoteok.com/remote-jobs/remote-software-engineer-infrastructure-xai-1129309,2026-01-20T18:36:01.066338+00:00,97d07740-9e00-49d7-b6ff-6b8e1b8148ad,"['Software', 'Engineer', 'Engineering']",Full Stack
1129704,Demandbase,Principal Software Engineer,Remote,"['Software', 'Design', 'Salesforce', 'System', 'Python', 'Technical', 'Test', 'Growth', 'Code', 'Edu', 'Cloud', 'Leader', 'Strategy', 'Senior', 'Operational', 'Marketing', 'Analytics', 'Recruiting', 'Engineer', 'Engineering', 'Backend']",https://remoteok.com/remote-jobs/remote-principal-software-engineer-demandbase-1129704,2026-01-22T18:31:57.609736+00:00,b0d0a503-aec9-4ee0-a113-0048f9c4a9ed,"['Software', 'Design', 'Salesforce', 'System', 'Python', 'Technical', 'Test', 'Growth', 'Code', 'Edu', 'Cloud', 'Leader', 'Strategy', 'Senior', 'Operational', 'Marketing', 'Analytics', 'Recruiting', 'Engineer', 'Engineering', 'Backend']",Security
1129375,Chainguard,Senior Software Engineer,Remote,"['Software', 'Design', 'Cloud', 'Management', 'Senior', 'Go', 'Engineer', 'Engineering', 'Backend']",https://remoteok.com/remote-jobs/remote-senior-software-engineer-chainguard-1129375,2026-01-23T06:34:02.938033+00:00,2c789039-feb4-42fc-b73c-13a40450f662,"['Software', 'Design', 'Cloud', 'Management', 'Senior', 'Go', 'Engineer', 'Engineering', 'Backend']",Backend/Core
1129371,MZLA Technologies Corporation,Senior Engineering Manager Infrastructure,Remote,"['Manager', 'Senior', 'Engineering']",https://remoteok.com/remote-jobs/remote-senior-engineering-manager-infrastructure-mzla-technologies-corporation-1129371,2026-01-23T06:34:02.938033+00:00,2c789039-feb4-42fc-b73c-13a40450f662,"['Manager', 'Senior', 'Engineering']",DevOps
1129368,Life360,Senior Software Developer II Cloud,Remote,"['Developer', 'Software', 'Cloud', 'PHP', 'Mobile', 'Senior', 'Operations', 'Go', 'Backend']",https://remoteok.com/remote-jobs/remote-senior-software-developer-ii-cloud-life360-1129368,2026-01-23T06:34:02.938033+00:00,2c789039-feb4-42fc-b73c-13a40450f662,"['Developer', 'Software', 'Cloud', 'PHP', 'Mobile', 'Senior', 'Operations', 'Go', 'Backend']",Full Stack
1129366,Ahrefs,Product Designer,Remote,"['Design', 'Designer', 'Technical', 'Software', 'Manager', 'Lead', 'Senior', 'Marketing', 'Sales', 'Engineering', 'Recruitment']",https://remoteok.com/remote-jobs/remote-product-designer-ahrefs-1129366,2026-01-23T06:34:02.938033+00:00,2c789039-feb4-42fc-b73c-13a40450f662,"['Design', 'Designer', 'Technical', 'Software', 'Manager', 'Lead', 'Senior', 'Marketing', 'Sales', 'Engineering', 'Recruitment']",DevOps
1129364,MicroVentures,Full Stack Developer,Remote,"['Developer', 'Laravel', 'Senior', 'Engineering']",https://remoteok.com/remote-jobs/remote-full-stack-developer-microventures-1129364,2026-01-23T06:34:02.938033+00:00,2c789039-feb4-42fc-b73c-13a40450f662,"['Developer', 'Laravel', 'Senior', 'Engineering']",DevOps
1129363,Dune,Sales Development Manager,Remote,"['Manager', 'SaaS', 'Crypto', 'Technical', 'Travel', 'Scheme', 'Strategy', 'Lead', 'Analytics', 'Sales', 'Go', 'Health', 'Engineering', 'Part-Time']",https://remoteok.com/remote-jobs/remote-sales-development-manager-dune-1129363,2026-01-23T06:34:02.938033+00:00,2c789039-feb4-42fc-b73c-13a40450f662,"['Manager', 'SaaS', 'Crypto', 'Technical', 'Travel', 'Scheme', 'Strategy', 'Lead', 'Analytics', 'Sales', 'Go', 'Health', 'Engineering', 'Part-Time']",DevOps
1129359,Chainguard,Commercial Sales Engineer Central,Remote,"['Security', 'Technical', 'Support', 'Serverless', 'Cloud', 'Sales', 'Engineer']",https://remoteok.com/remote-jobs/remote-commercial-sales-engineer-central-chainguard-1129359,2026-01-23T06:34:02.938033+00:00,2c789039-feb4-42fc-b73c-13a40450f662,"['Security', 'Technical', 'Support', 'Serverless', 'Cloud', 'Sales', 'Engineer']",Backend/Core
1129357,Alpaca,Motion Designer,Remote,"['Design', 'Crypto', 'Designer', 'Technical', 'UI', 'Web', 'Financial', 'Video', 'Investment', 'C', 'API', 'Mobile']",https://remoteok.com/remote-jobs/remote-motion-designer-alpaca-1129357,2026-01-23T06:34:02.938033+00:00,2c789039-feb4-42fc-b73c-13a40450f662,"['Design', 'Crypto', 'Designer', 'Technical', 'UI', 'Web', 'Financial', 'Video', 'Investment', 'C', 'API', 'Mobile']",Research/Specialized
1129355,Teleport,Senior Backend Software Engineer,Remote,"['Software', 'Security', 'Recruiter', 'Code', 'Edu', 'Cloud', 'Senior', 'Go', 'Health', 'Engineer', 'Engineering', 'Linux', 'Backend']",https://remoteok.com/remote-jobs/remote-senior-backend-software-engineer-teleport-1129355,2026-01-23T06:34:02.938033+00:00,2c789039-feb4-42fc-b73c-13a40450f662,"['Software', 'Security', 'Recruiter', 'Code', 'Edu', 'Cloud', 'Senior', 'Go', 'Health', 'Engineer', 'Engineering', 'Linux', 'Backend']",Backend/Core
1129354,Redwood Materials,DevOps Software Engineer Energy Storage,Remote,"['Software', 'Growth', 'Web', 'DevOps', 'Operations', 'Engineer']",https://remoteok.com/remote-jobs/remote-devops-software-engineer-energy-storage-redwood-materials-1129354,2026-01-23T06:34:02.938033+00:00,2c789039-feb4-42fc-b73c-13a40450f662,"['Software', 'Growth', 'Web', 'DevOps', 'Operations', 'Engineer']",Full Stack
1129369,Paradigm Health,Senior Infrastructure Engineer,Remote,"['Security', 'DevOps', 'Cloud', 'Senior', 'Medical', 'Healthcare', 'Engineer', 'Engineering']",https://remoteok.com/remote-jobs/remote-senior-infrastructure-engineer-paradigm-health-1129369,2026-01-23T06:34:02.938033+00:00,2c789039-feb4-42fc-b73c-13a40450f662,"['Security', 'DevOps', 'Cloud', 'Senior', 'Medical', 'Healthcare', 'Engineer', 'Engineering']",Backend/Core
1129351,MyFunded Futures,Frontend Engineer Trading Platform,Remote,"['Front End', 'Design', 'Test', 'Code', 'Financial', 'API', 'Engineer', 'Backend']",https://remoteok.com/remote-jobs/remote-frontend-engineer-trading-platform-myfunded-futures-1129351,2026-01-23T06:34:02.938033+00:00,2c789039-feb4-42fc-b73c-13a40450f662,"['Front End', 'Design', 'Test', 'Code', 'Financial', 'API', 'Engineer', 'Backend']",Data & AI
1129385,Dexterity,Security Architect,Remote,"['Security', 'Architect', 'Python', 'Full-Stack', 'Docker', 'Software', 'DevOps', 'C++', 'Cloud', 'Robotics', 'Git', 'Operations']",https://remoteok.com/remote-jobs/remote-security-architect-dexterity-1129385,2026-01-24T18:29:18.438441+00:00,16138503-1cc8-41b4-b3fa-fb86e1b67458,"['Security', 'Architect', 'Python', 'Full-Stack', 'Docker', 'Software', 'DevOps', 'C++', 'Cloud', 'Robotics', 'Git', 'Operations']",Backend/Core
1129384,Inflection AI,Member of Technical Staff Fullstack Engineer,Remote,"['Technical', 'Support', 'Engineer', 'Engineering', 'Backend', 'Fullstack']",https://remoteok.com/remote-jobs/remote-member-of-technical-staff-fullstack-engineer-inflection-ai-1129384,2026-01-24T18:29:18.438441+00:00,16138503-1cc8-41b4-b3fa-fb86e1b67458,"['Technical', 'Support', 'Engineer', 'Engineering', 'Backend', 'Fullstack']",Backend/Core
1129383,Muon Space,Staff Software Engineer Simulation,Remote,"['Software', 'Design', 'System', 'Web', 'Cloud', 'API', 'Operations', 'Engineer', 'Engineering']",https://remoteok.com/remote-jobs/remote-staff-software-engineer-simulation-muon-space-1129383,2026-01-24T18:29:18.438441+00:00,16138503-1cc8-41b4-b3fa-fb86e1b67458,"['Software', 'Design', 'System', 'Web', 'Cloud', 'API', 'Operations', 'Engineer', 'Engineering']",Data & AI
1129382,xAI,Software Engineer Networking Software and Services,Remote,"['Software', 'Support', 'Travel', 'Reliability', 'Engineer', 'Engineering']",https://remoteok.com/remote-jobs/remote-software-engineer-networking-software-and-services-xai-1129382,2026-01-24T18:29:18.438441+00:00,16138503-1cc8-41b4-b3fa-fb86e1b67458,"['Software', 'Support', 'Travel', 'Reliability', 'Engineer', 'Engineering']",Backend/Core
1129387,Aegis Ventures,Senior Staff AI Software Engineer,Remote,"['Software', 'Python', 'Technical', 'Growth', 'Senior', 'Operational', 'Health', 'Healthcare', 'Engineer', 'Backend']",https://remoteok.com/remote-jobs/remote-senior-staff-ai-software-engineer-aegis-ventures-1129387,2026-01-25T06:30:54.916997+00:00,62306199-7f2f-42c4-ae4f-16472f46b012,"['Software', 'Python', 'Technical', 'Growth', 'Senior', 'Operational', 'Health', 'Healthcare', 'Engineer', 'Backend']",Full Stack
1129444,DISHER,ERP Systems Manager,Remote,"['Manager', 'System', 'Security', 'Training', 'Technical', 'Support', 'Testing', 'Quality Assurance', 'Financial', 'Microsoft', 'Leader', 'Management', 'Operational', 'Engineering']",https://remoteok.com/remote-jobs/remote-erp-systems-manager-disher-1129444,2026-01-25T06:30:54.916997+00:00,62306199-7f2f-42c4-ae4f-16472f46b012,"['Manager', 'System', 'Security', 'Training', 'Technical', 'Support', 'Testing', 'Quality Assurance', 'Financial', 'Microsoft', 'Leader', 'Management', 'Operational', 'Engineering']",Growth/Ops
1129443,Trase Systems,Copy of Senior AI ML Engineer Applied Machine Learning,Remote,"['Senior', 'Engineer']",https://remoteok.com/remote-jobs/remote-copy-of-senior-ai-ml-engineer-applied-machine-learning-trase-systems-1129443,2026-01-25T06:30:54.916997+00:00,62306199-7f2f-42c4-ae4f-16472f46b012,"['Senior', 'Engineer']",Full Stack
1129442,Trase Systems,Senior Software Engineer Backend Engineering,Remote,"['Software', 'Senior', 'Engineer', 'Engineering', 'Backend']",https://remoteok.com/remote-jobs/remote-senior-software-engineer-backend-engineering-trase-systems-1129442,2026-01-25T06:30:54.916997+00:00,62306199-7f2f-42c4-ae4f-16472f46b012,"['Software', 'Senior', 'Engineer', 'Engineering', 'Backend']",Full Stack
1129440,Trase Systems,Senior Software Engineer Frontend Engineering,Remote,"['Front End', 'Software', 'Senior', 'Engineer', 'Engineering']",https://remoteok.com/remote-jobs/remote-senior-software-engineer-frontend-engineering-trase-systems-1129440,2026-01-25T06:30:54.916997+00:00,62306199-7f2f-42c4-ae4f-16472f46b012,"['Front End', 'Software', 'Senior', 'Engineer', 'Engineering']",Full Stack
1129439,Highstreet,AI Developer 1551,Remote,"['Developer', 'Design', 'Technical', 'Support', 'Software', 'Test', 'Edu', 'Cloud', 'Microsoft', 'Senior', 'Operational', 'Sales', 'Reliability', 'Engineering']",https://remoteok.com/remote-jobs/remote-ai-developer-1551-highstreet-1129439,2026-01-25T06:30:54.916997+00:00,62306199-7f2f-42c4-ae4f-16472f46b012,"['Developer', 'Design', 'Technical', 'Support', 'Software', 'Test', 'Edu', 'Cloud', 'Microsoft', 'Senior', 'Operational', 'Sales', 'Reliability', 'Engineering']",Backend/Core
1129438,OpenAI,Software Engineer Agent Infrastructure,Remote,"['Software', 'Design', 'System', 'Security', 'Training', 'Technical', 'Cloud', 'Engineer', 'Engineering']",https://remoteok.com/remote-jobs/remote-software-engineer-agent-infrastructure-openai-1129438,2026-01-25T06:30:54.916997+00:00,62306199-7f2f-42c4-ae4f-16472f46b012,"['Software', 'Design', 'System', 'Security', 'Training', 'Technical', 'Cloud', 'Engineer', 'Engineering']",Backend/Core
1129437,Tech Solutions Inc.,Software Engineer,Remote,"['Software', 'Web', 'Engineer']",https://remoteok.com/remote-jobs/remote-software-engineer-tech-solutions-inc-1129437,2026-01-25T06:30:54.916997+00:00,62306199-7f2f-42c4-ae4f-16472f46b012,"['Software', 'Web', 'Engineer']",Full Stack
1129436,Cloudbeds,Senior Backend PHP Software Engineer Inventory,Remote,"['Software', 'SaaS', 'Amazon', 'Web', 'PHP', 'Strategy', 'Senior', 'Operations', 'Engineer', 'Backend']",https://remoteok.com/remote-jobs/remote-senior-backend-php-software-engineer-inventory-cloudbeds-1129436,2026-01-25T06:30:54.916997+00:00,62306199-7f2f-42c4-ae4f-16472f46b012,"['Software', 'SaaS', 'Amazon', 'Web', 'PHP', 'Strategy', 'Senior', 'Operations', 'Engineer', 'Backend']",Full Stack
1129435,Cloudbeds,Senior Backend PHP Software Engineer Inventory,Remote,"['Software', 'SaaS', 'Amazon', 'Web', 'PHP', 'Strategy', 'Senior', 'Operations', 'Engineer', 'Backend']",https://remoteok.com/remote-jobs/remote-senior-backend-php-software-engineer-inventory-cloudbeds-1129435,2026-01-25T06:30:54.916997+00:00,62306199-7f2f-42c4-ae4f-16472f46b012,"['Software', 'SaaS', 'Amazon', 'Web', 'PHP', 'Strategy', 'Senior', 'Operations', 'Engineer', 'Backend']",Full Stack
1129434,Cloudbeds,Senior Backend PHP Software Engineer Inventory,Remote,"['Software', 'SaaS', 'Amazon', 'Web', 'PHP', 'Strategy', 'Senior', 'Operations', 'Engineer', 'Backend']",https://remoteok.com/remote-jobs/remote-senior-backend-php-software-engineer-inventory-cloudbeds-1129434,2026-01-25T06:30:54.916997+00:00,62306199-7f2f-42c4-ae4f-16472f46b012,"['Software', 'SaaS', 'Amazon', 'Web', 'PHP', 'Strategy', 'Senior', 'Operations', 'Engineer', 'Backend']",Full Stack
1129429,Bobsled,Site Reliability Engineer,Remote,"['Technical', 'Operational', 'Analytics', 'Reliability', 'Engineer', 'Engineering']",https://remoteok.com/remote-jobs/remote-site-reliability-engineer-bobsled-1129429,2026-01-25T06:30:54.916997+00:00,62306199-7f2f-42c4-ae4f-16472f46b012,"['Technical', 'Operational', 'Analytics', 'Reliability', 'Engineer', 'Engineering']",Backend/Core
1129427,Interview Kickstart,Video Editor,Remote,"['System', 'Ceo', 'Video', 'Leader', 'Content', 'Senior', 'Engineering', 'Educational']",https://remoteok.com/remote-jobs/remote-video-editor-interview-kickstart-1129427,2026-01-25T06:30:54.916997+00:00,62306199-7f2f-42c4-ae4f-16472f46b012,"['System', 'Ceo', 'Video', 'Leader', 'Content', 'Senior', 'Engineering', 'Educational']",DevOps
1128227,Memberup.com,Full Stack Software Engineer,Remote,['Engineer'],https://remoteok.com/remote-jobs/remote-full-stack-software-engineer-memberup-com-1128227,2026-01-25T06:30:54.916997+00:00,62306199-7f2f-42c4-ae4f-16472f46b012,['Engineer'],Full Stack
1129400,Recharge,Associate Technical Support Engineer,Remote,"['Technical', 'Support', 'Engineer']",https://remoteok.com/remote-jobs/remote-associate-technical-support-engineer-recharge-1129400,2026-01-25T06:30:54.916997+00:00,62306199-7f2f-42c4-ae4f-16472f46b012,"['Technical', 'Support', 'Engineer']",Full Stack
1129399,Bugcrowd,Senior Software Engineer,Remote,"['Software', 'Design', 'Security', 'Cloud', 'API', 'Senior', 'Engineer', 'Engineering']",https://remoteok.com/remote-jobs/remote-senior-software-engineer-bugcrowd-1129399,2026-01-25T06:30:54.916997+00:00,62306199-7f2f-42c4-ae4f-16472f46b012,"['Software', 'Design', 'Security', 'Cloud', 'API', 'Senior', 'Engineer', 'Engineering']",Backend/Core
1129398,Malt,Staff Software Engineer,Remote,"['Software', 'Design', 'Technical', 'Support', 'Code', 'Java', 'Cloud', 'Strategy', 'Lead', 'Senior', 'Operational', 'Excel', 'Engineer', 'Engineering', 'Backend']",https://remoteok.com/remote-jobs/remote-staff-software-engineer-malt-1129398,2026-01-25T06:30:54.916997+00:00,62306199-7f2f-42c4-ae4f-16472f46b012,"['Software', 'Design', 'Technical', 'Support', 'Code', 'Java', 'Cloud', 'Strategy', 'Lead', 'Senior', 'Operational', 'Excel', 'Engineer', 'Engineering', 'Backend']",Security
1129390,Galileo Financial Technologies,Staff Software Engineer Money,Remote,"['Software', 'Finance', 'Financial', 'Banking', 'Excel', 'Analytics', 'Engineer', 'Engineering']",https://remoteok.com/remote-jobs/remote-staff-software-engineer-money-galileo-financial-technologies-1129390,2026-01-25T06:30:54.916997+00:00,62306199-7f2f-42c4-ae4f-16472f46b012,"['Software', 'Finance', 'Financial', 'Banking', 'Excel', 'Analytics', 'Engineer', 'Engineering']",Full Stack
1129389,ClickHouse,Senior Cloud Engineer,Remote,"['Security', 'Architect', 'C', 'Cloud', 'Senior', 'Engineer']",https://remoteok.com/remote-jobs/remote-senior-cloud-engineer-clickhouse-1129389,2026-01-25T06:30:54.916997+00:00,62306199-7f2f-42c4-ae4f-16472f46b012,"['Security', 'Architect', 'C', 'Cloud', 'Senior', 'Engineer']",Full Stack
1129445,Axle,Lead Omics Workflow Engineer,Remote,"['Software', 'Assistant', 'Lead', 'Health', 'Healthcare', 'Engineer', 'Educational']",https://remoteok.com/remote-jobs/remote-lead-omics-workflow-engineer-axle-1129445,2026-01-25T06:30:54.916997+00:00,62306199-7f2f-42c4-ae4f-16472f46b012,"['Software', 'Assistant', 'Lead', 'Health', 'Healthcare', 'Engineer', 'Educational']",Full Stack
1129449,Interview Kickstart,Assistant Manager Social Media,Remote,"['Manager', 'Assistant', 'System', 'Ceo', 'Support', 'Leader', 'Content', 'Senior', 'Engineering', 'Executive']",https://remoteok.com/remote-jobs/remote-assistant-manager-social-media-interview-kickstart-1129449,2026-01-25T06:30:54.916997+00:00,62306199-7f2f-42c4-ae4f-16472f46b012,"['Manager', 'Assistant', 'System', 'Ceo', 'Support', 'Leader', 'Content', 'Senior', 'Engineering', 'Executive']",DevOps
1129450,PlayOn,Senior Product Designer Ticketing,Remote,"['Design', 'System', 'Teach', 'Students', 'Designer', 'Technical', 'Web', 'Mobile', 'Leader', 'Strategy', 'Management', 'Lead', 'Senior', 'Marketing', 'Reliability', 'Health', 'Full-Time', 'Part-Time']",https://remoteok.com/remote-jobs/remote-senior-product-designer-ticketing-playon-1129450,2026-01-25T06:30:54.916997+00:00,62306199-7f2f-42c4-ae4f-16472f46b012,"['Design', 'System', 'Teach', 'Students', 'Designer', 'Technical', 'Web', 'Mobile', 'Leader', 'Strategy', 'Management', 'Lead', 'Senior', 'Marketing', 'Reliability', 'Health', 'Full-Time', 'Part-Time']",DevOps
1129452,Owner,Owner IT Support Engineer,Remote,"['Support', 'Engineer']",https://remoteok.com/remote-jobs/remote-owner-it-support-engineer-owner-1129452,2026-01-25T06:30:54.916997+00:00,62306199-7f2f-42c4-ae4f-16472f46b012,"['Support', 'Engineer']",Full Stack
1129457,Elligint Health,Quality Assurance Engineer Manual,Remote,"['Testing', 'Test', 'Medical', 'Health', 'Healthcare', 'Engineer']",https://remoteok.com/remote-jobs/remote-quality-assurance-engineer-manual-elligint-health-1129457,2026-01-25T06:30:54.916997+00:00,62306199-7f2f-42c4-ae4f-16472f46b012,"['Testing', 'Test', 'Medical', 'Health', 'Healthcare', 'Engineer']",Full Stack
1129455,Robinhood,Staff Software Engineer Crypto,Remote,"['Crypto', 'Software', 'Design', 'Cryptocurrency', 'System', 'Security', 'Technical', 'Support', 'Financial', 'Finance', 'Lead', 'Junior', 'Engineer', 'Engineering']",https://remoteok.com/remote-jobs/remote-staff-software-engineer-crypto-robinhood-1129455,2026-01-25T06:30:54.916997+00:00,62306199-7f2f-42c4-ae4f-16472f46b012,"['Crypto', 'Software', 'Design', 'Cryptocurrency', 'System', 'Security', 'Technical', 'Support', 'Financial', 'Finance', 'Lead', 'Junior', 'Engineer', 'Engineering']",Data & AI
1129454,KOHO,Junior Software Developer Full Stack,Remote,"['Developer', 'Software', 'Design', 'React', 'Rabbitmq', 'Front End', 'Docker', 'Support', 'Code', 'Web', 'JavaScript', 'Financial', 'Cloud', 'Git', 'PostgreSQL', 'Angular', 'API', 'Mobile', 'Senior', 'Junior', 'Operations', 'Operational', 'Go', 'Recruitment', 'Backend']",https://remoteok.com/remote-jobs/remote-junior-software-developer-full-stack-koho-1129454,2026-01-25T06:30:54.916997+00:00,62306199-7f2f-42c4-ae4f-16472f46b012,"['Developer', 'Software', 'Design', 'React', 'Rabbitmq', 'Front End', 'Docker', 'Support', 'Code', 'Web', 'JavaScript', 'Financial', 'Cloud', 'Git', 'PostgreSQL', 'Angular', 'API', 'Mobile', 'Senior', 'Junior', 'Operations', 'Operational', 'Go', 'Recruitment', 'Backend']",Security
1129458,Front,Customer Support Specialist,Remote,"['Salesforce', 'Technical', 'Support', 'Testing', 'Voice', 'Health', 'Recruiting']",https://remoteok.com/remote-jobs/remote-customer-support-specialist-front-1129458,2026-01-27T06:34:36.056815+00:00,63766089-2e40-4c21-8127-612c939e616f,"['Salesforce', 'Technical', 'Support', 'Testing', 'Voice', 'Health', 'Recruiting']",Growth/Ops
1129464,Visual Concepts,Senior Server Engineer NBA 2K,Remote,"['Security', 'Game', 'Gaming', 'Software', 'Code', 'Video', 'C++', 'Microsoft', 'Senior', 'Go', 'Engineer', 'Backend']",https://remoteok.com/remote-jobs/remote-senior-server-engineer-nba-2k-visual-concepts-1129464,2026-01-27T06:34:36.056815+00:00,63766089-2e40-4c21-8127-612c939e616f,"['Security', 'Game', 'Gaming', 'Software', 'Code', 'Video', 'C++', 'Microsoft', 'Senior', 'Go', 'Engineer', 'Backend']",Full Stack
1129463,"Bayesian Health, Inc.",Senior Software Engineer Analytics,Remote,"['Software', 'Python', 'Technical', 'Support', 'Cloud', 'Lead', 'Senior', 'Analytics', 'Biotech', 'Health', 'Healthcare', 'Engineer', 'Engineering']",https://remoteok.com/remote-jobs/remote-senior-software-engineer-analytics-bayesian-health-inc-1129463,2026-01-27T06:34:36.056815+00:00,63766089-2e40-4c21-8127-612c939e616f,"['Software', 'Python', 'Technical', 'Support', 'Cloud', 'Lead', 'Senior', 'Analytics', 'Biotech', 'Health', 'Healthcare', 'Engineer', 'Engineering']",Backend/Core
1129462,Tech Solutions Inc.,Software Engineer,Remote,"['Software', 'Code', 'Java', 'Engineer']",https://remoteok.com/remote-jobs/remote-software-engineer-tech-solutions-inc-1129462,2026-01-27T06:34:36.056815+00:00,63766089-2e40-4c21-8127-612c939e616f,"['Software', 'Code', 'Java', 'Engineer']",Full Stack
1129459,ALX Africa,Graphic Design Technical Mentor,Remote,"['Design', 'Students', 'Training', 'Technical', 'Software']",https://remoteok.com/remote-jobs/remote-graphic-design-technical-mentor-alx-africa-1129459,2026-01-27T06:34:36.056815+00:00,63766089-2e40-4c21-8127-612c939e616f,"['Design', 'Students', 'Training', 'Technical', 'Software']",Full Stack
1129465,Mercury,Software Engineer iOS,Remote,"['iOS', 'Software', 'Financial', 'Banking', 'Bank', 'Mobile', 'Android', 'Engineer', 'Backend']",https://remoteok.com/remote-jobs/remote-software-engineer-ios-mercury-1129465,2026-01-27T18:37:49.717744+00:00,c143eae7-dc26-4056-ad8a-cca8b2e22b35,"['iOS', 'Software', 'Financial', 'Banking', 'Bank', 'Mobile', 'Android', 'Engineer', 'Backend']",Full Stack
1129471,Thumbtack,Software Engineer Site Reliability Engineer,Remote,"['Software', 'Design', 'Support', 'Developer', 'Code', 'Reliability', 'Engineer', 'Engineering', 'Linux', 'Backend']",https://remoteok.com/remote-jobs/remote-software-engineer-site-reliability-engineer-thumbtack-1129471,2026-01-27T18:37:49.717744+00:00,c143eae7-dc26-4056-ad8a-cca8b2e22b35,"['Software', 'Design', 'Support', 'Developer', 'Code', 'Reliability', 'Engineer', 'Engineering', 'Linux', 'Backend']",Security
1129470,PerfectServe,Senior Software Engineer .NET US,Remote,"['Software', 'Technical', 'Growth', 'Voice', 'Senior', 'Healthcare', 'Engineer']",https://remoteok.com/remote-jobs/remote-senior-software-engineer-net-us-perfectserve-1129470,2026-01-27T18:37:49.717744+00:00,c143eae7-dc26-4056-ad8a-cca8b2e22b35,"['Software', 'Technical', 'Growth', 'Voice', 'Senior', 'Healthcare', 'Engineer']",Full Stack
1129469,Evolve,Senior Software Engineer,Remote,"['Software', 'Design', 'System', 'Technical', 'Support', 'Code', 'Leader', 'Lead', 'Senior', 'Operations', 'Operational', 'Sales', 'Engineer', 'Engineering', 'Backend']",https://remoteok.com/remote-jobs/remote-senior-software-engineer-evolve-1129469,2026-01-27T18:37:49.717744+00:00,c143eae7-dc26-4056-ad8a-cca8b2e22b35,"['Software', 'Design', 'System', 'Technical', 'Support', 'Code', 'Leader', 'Lead', 'Senior', 'Operations', 'Operational', 'Sales', 'Engineer', 'Engineering', 'Backend']",Security
1129468,Cresta,Senior Staff Machine Learning Engineer,Remote,"['Front-End', 'Senior', 'Engineer']",https://remoteok.com/remote-jobs/remote-senior-staff-machine-learning-engineer-cresta-1129468,2026-01-27T18:37:49.717744+00:00,c143eae7-dc26-4056-ad8a-cca8b2e22b35,"['Front-End', 'Senior', 'Engineer']",Full Stack
1129467,Ping Identity,Staff Software Engineer Java,Remote,"['Software', 'Developer', 'Java', 'Cloud', 'Management', 'Engineer']",https://remoteok.com/remote-jobs/remote-staff-software-engineer-java-ping-identity-1129467,2026-01-27T18:37:49.717744+00:00,c143eae7-dc26-4056-ad8a-cca8b2e22b35,"['Software', 'Developer', 'Java', 'Cloud', 'Management', 'Engineer']",Full Stack
1129466,Visual Concepts,Principal Server Engineer NBA 2K,Remote,"['Design', 'Game', 'Technical', 'Support', 'Software', 'Engineer', 'Engineering', 'Backend']",https://remoteok.com/remote-jobs/remote-principal-server-engineer-nba-2k-visual-concepts-1129466,2026-01-27T18:37:49.717744+00:00,c143eae7-dc26-4056-ad8a-cca8b2e22b35,"['Design', 'Game', 'Technical', 'Support', 'Software', 'Engineer', 'Engineering', 'Backend']",Security
1129564,Fluxon,Senior Software Engineer,Remote,"['Software', 'Design', 'Docker', 'C++', 'Scala', 'Lead', 'Senior', 'Engineer']",https://remoteok.com/remote-jobs/remote-senior-software-engineer-fluxon-1129564,2026-01-28T06:35:29.883253+00:00,ff992114-9105-4c16-a610-c74a50c79ac8,"['Software', 'Design', 'Docker', 'C++', 'Scala', 'Lead', 'Senior', 'Engineer']",Product
1129594,Ada,Senior Software Engineer Training,Remote,"['Training', 'Software', 'Growth', 'Management', 'Senior', 'Engineer']",https://remoteok.com/remote-jobs/remote-senior-software-engineer-training-ada-1129594,2026-01-28T06:35:29.883253+00:00,ff992114-9105-4c16-a610-c74a50c79ac8,"['Training', 'Software', 'Growth', 'Management', 'Senior', 'Engineer']",Full Stack
1129593,Bot Auto,Machine Learning Engineer 3D Vision&Localization,Remote,"['3d', 'Robotics', 'Operational', 'Engineer']",https://remoteok.com/remote-jobs/remote-machine-learning-engineer-3d-visionlocalization-bot-auto-1129593,2026-01-28T06:35:29.883253+00:00,ff992114-9105-4c16-a610-c74a50c79ac8,"['3d', 'Robotics', 'Operational', 'Engineer']",Full Stack
1129592,Khan Academy,Senior Quality Engineer,"Mountain View, CA","['Design', 'Students', 'Support', 'Testing', 'Test', 'Edu', 'Math', 'Content', 'Senior', 'Reliability', 'Engineer', 'Educational']",https://remoteok.com/remote-jobs/remote-senior-quality-engineer-khan-academy-1129592,2026-01-28T06:35:29.883253+00:00,ff992114-9105-4c16-a610-c74a50c79ac8,"['Design', 'Students', 'Support', 'Testing', 'Test', 'Edu', 'Math', 'Content', 'Senior', 'Reliability', 'Engineer', 'Educational']",Full Stack
1129568,Alpaca,Director of Engineering Canada,Remote,"['Director', 'Crypto', 'Architect', 'Technical', 'Financial', 'Investment', 'C', 'API', 'Leader', 'Strategy', 'Operational', 'Engineering', 'Executive']",https://remoteok.com/remote-jobs/remote-director-of-engineering-canada-alpaca-1129568,2026-01-28T06:35:29.883253+00:00,ff992114-9105-4c16-a610-c74a50c79ac8,"['Director', 'Crypto', 'Architect', 'Technical', 'Financial', 'Investment', 'C', 'API', 'Leader', 'Strategy', 'Operational', 'Engineering', 'Executive']",Research/Specialized
1129566,bloXroute Labs,Software Engineering Team Lead,Remote,"['Software', 'Support', 'Testing', 'Growth', 'Code', 'Lead', 'Go', 'Engineering', 'Backend']",https://remoteok.com/remote-jobs/remote-software-engineering-team-lead-bloxroute-labs-1129566,2026-01-28T06:35:29.883253+00:00,ff992114-9105-4c16-a610-c74a50c79ac8,"['Software', 'Support', 'Testing', 'Growth', 'Code', 'Lead', 'Go', 'Engineering', 'Backend']",DevOps
1129595,xAI,AI Finance Tutor Quantitative Finance,Remote,"['Tutor', 'Teach', 'Training', 'Technical', 'Support', 'Investment', 'Finance', 'Engineering']",https://remoteok.com/remote-jobs/remote-ai-finance-tutor-quantitative-finance-xai-1129595,2026-01-28T06:35:29.883253+00:00,ff992114-9105-4c16-a610-c74a50c79ac8,"['Tutor', 'Teach', 'Training', 'Technical', 'Support', 'Investment', 'Finance', 'Engineering']",DevOps
1129565,Lookout Inc,Staff Data Software Engineer,Remote,"['Software', 'Security', 'Cloud', 'Engineer', 'Engineering']",https://remoteok.com/remote-jobs/remote-staff-data-software-engineer-lookout-inc-1129565,2026-01-28T06:35:29.883253+00:00,ff992114-9105-4c16-a610-c74a50c79ac8,"['Software', 'Security', 'Cloud', 'Engineer', 'Engineering']",Backend/Core
1129563,Fluxon,Senior Software Engineer,Remote,"['Software', 'Design', 'Docker', 'C++', 'Scala', 'Lead', 'Senior', 'Engineer']",https://remoteok.com/remote-jobs/remote-senior-software-engineer-fluxon-1129563,2026-01-28T06:35:29.883253+00:00,ff992114-9105-4c16-a610-c74a50c79ac8,"['Software', 'Design', 'Docker', 'C++', 'Scala', 'Lead', 'Senior', 'Engineer']",Product
1129556,Fluxon,Senior Software Engineer,Remote,"['Software', 'Design', 'Docker', 'C++', 'Scala', 'Lead', 'Senior', 'Engineer']",https://remoteok.com/remote-jobs/remote-senior-software-engineer-fluxon-1129556,2026-01-28T06:35:29.883253+00:00,ff992114-9105-4c16-a610-c74a50c79ac8,"['Software', 'Design', 'Docker', 'C++', 'Scala', 'Lead', 'Senior', 'Engineer']",Product
1129555,Fluxon,Senior Software Engineer,Remote,"['Software', 'Design', 'Docker', 'C++', 'Scala', 'Lead', 'Senior', 'Engineer']",https://remoteok.com/remote-jobs/remote-senior-software-engineer-fluxon-1129555,2026-01-28T06:35:29.883253+00:00,ff992114-9105-4c16-a610-c74a50c79ac8,"['Software', 'Design', 'Docker', 'C++', 'Scala', 'Lead', 'Senior', 'Engineer']",Product
1129596,Ada,Senior Software Engineer Analytics,Remote,"['Software', 'Growth', 'Management', 'Senior', 'Analytics', 'Engineer']",https://remoteok.com/remote-jobs/remote-senior-software-engineer-analytics-ada-1129596,2026-01-28T06:35:29.883253+00:00,ff992114-9105-4c16-a610-c74a50c79ac8,"['Software', 'Growth', 'Management', 'Senior', 'Analytics', 'Engineer']",Full Stack
1129558,Fluxon,Senior Software Engineer,Remote,"['Software', 'Design', 'Docker', 'C++', 'Scala', 'Lead', 'Senior', 'Engineer']",https://remoteok.com/remote-jobs/remote-senior-software-engineer-fluxon-1129558,2026-01-28T06:35:29.883253+00:00,ff992114-9105-4c16-a610-c74a50c79ac8,"['Software', 'Design', 'Docker', 'C++', 'Scala', 'Lead', 'Senior', 'Engineer']",Product
1129597,Temporal Technologies,Staff Developer Advocate Platform Engineering,Remote,"['Developer', 'Technical', 'Software', 'Growth', 'Voice', 'Engineering']",https://remoteok.com/remote-jobs/remote-staff-developer-advocate-platform-engineering-temporal-technologies-1129597,2026-01-28T06:35:29.883253+00:00,ff992114-9105-4c16-a610-c74a50c79ac8,"['Developer', 'Technical', 'Software', 'Growth', 'Voice', 'Engineering']",DevOps
1129601,Sysdig,Customer Solutions Engineer,Remote,"['Security', 'Consulting', 'Technical', 'Support', 'Manager', 'Cloud', 'Lead', 'Senior', 'Health', 'Engineer', 'Full-Time']",https://remoteok.com/remote-jobs/remote-customer-solutions-engineer-sysdig-1129601,2026-01-28T06:35:29.883253+00:00,ff992114-9105-4c16-a610-c74a50c79ac8,"['Security', 'Consulting', 'Technical', 'Support', 'Manager', 'Cloud', 'Lead', 'Senior', 'Health', 'Engineer', 'Full-Time']",Backend/Core
1129635,SpotOn: Product,Senior Software Engineer II,Remote,"['Software', 'Management', 'Senior', 'Engineer']",https://remoteok.com/remote-jobs/remote-senior-software-engineer-ii-spoton-product-1129635,2026-01-28T06:35:29.883253+00:00,ff992114-9105-4c16-a610-c74a50c79ac8,"['Software', 'Management', 'Senior', 'Engineer']",Full Stack
1129632,Alpaca,Director of Engineering Founding Engineer India,Remote,"['Director', 'Crypto', 'Architect', 'Technical', 'Financial', 'Investment', 'C', 'API', 'Leader', 'Strategy', 'Senior', 'Operational', 'Engineer', 'Engineering', 'Executive']",https://remoteok.com/remote-jobs/remote-director-of-engineering-founding-engineer-india-alpaca-1129632,2026-01-28T06:35:29.883253+00:00,ff992114-9105-4c16-a610-c74a50c79ac8,"['Director', 'Crypto', 'Architect', 'Technical', 'Financial', 'Investment', 'C', 'API', 'Leader', 'Strategy', 'Senior', 'Operational', 'Engineer', 'Engineering', 'Executive']",Research/Specialized
1129631,Bounteous,Sales Development Representative,Remote,"['Security', 'Consultancy', 'Technical', 'Edu', 'Lead', 'Senior', 'Sales']",https://remoteok.com/remote-jobs/remote-sales-development-representative-bounteous-1129631,2026-01-28T06:35:29.883253+00:00,ff992114-9105-4c16-a610-c74a50c79ac8,"['Security', 'Consultancy', 'Technical', 'Edu', 'Lead', 'Senior', 'Sales']",DevOps
1129630,LangChain,Account Executive Ohio,Remote,"['Technical', 'Support', 'Software', 'Growth', 'Lead', 'Legal', 'Sales', 'Go', 'Health', 'Engineering', 'Executive']",https://remoteok.com/remote-jobs/remote-account-executive-ohio-langchain-1129630,2026-01-28T06:35:29.883253+00:00,ff992114-9105-4c16-a610-c74a50c79ac8,"['Technical', 'Support', 'Software', 'Growth', 'Lead', 'Legal', 'Sales', 'Go', 'Health', 'Engineering', 'Executive']",DevOps
1129626,Tailscale,Security Infrastructure Engineer,Remote,"['Security', 'System', 'Technical', 'Software', 'Code', 'Cloud', 'Operational', 'Engineer', 'Engineering']",https://remoteok.com/remote-jobs/remote-security-infrastructure-engineer-tailscale-1129626,2026-01-28T06:35:29.883253+00:00,ff992114-9105-4c16-a610-c74a50c79ac8,"['Security', 'System', 'Technical', 'Software', 'Code', 'Cloud', 'Operational', 'Engineer', 'Engineering']",Backend/Core
1129625,Caylent,Senior Account Executive,Remote,"['Amazon', 'Security', 'Training', 'Technical', 'Test', 'Web', 'Travel', 'DevOps', 'Cloud', 'Lead', 'Senior', 'Sales', 'Executive']",https://remoteok.com/remote-jobs/remote-senior-account-executive-caylent-1129625,2026-01-28T06:35:29.883253+00:00,ff992114-9105-4c16-a610-c74a50c79ac8,"['Amazon', 'Security', 'Training', 'Technical', 'Test', 'Web', 'Travel', 'DevOps', 'Cloud', 'Lead', 'Senior', 'Sales', 'Executive']",DevOps
1129621,DoiT,Senior Software Engineer SELECT by DoiT,Remote,"['Software', 'Growth', 'Cloud', 'Microsoft', 'Senior', 'Engineer', 'Full-Time']",https://remoteok.com/remote-jobs/remote-senior-software-engineer-select-by-doit-doit-1129621,2026-01-28T06:35:29.883253+00:00,ff992114-9105-4c16-a610-c74a50c79ac8,"['Software', 'Growth', 'Cloud', 'Microsoft', 'Senior', 'Engineer', 'Full-Time']",Full Stack
1129600,JumpCloud,Account Executive SMB India,Remote,"['SaaS', 'Security', 'Technical', 'Growth', 'Voice', 'Edu', 'Bank', 'Management', 'Marketing', 'Android', 'Excel', 'Sales', 'Recruitment', 'Executive']",https://remoteok.com/remote-jobs/remote-account-executive-smb-india-jumpcloud-1129600,2026-01-28T06:35:29.883253+00:00,ff992114-9105-4c16-a610-c74a50c79ac8,"['SaaS', 'Security', 'Technical', 'Growth', 'Voice', 'Edu', 'Bank', 'Management', 'Marketing', 'Android', 'Excel', 'Sales', 'Recruitment', 'Executive']",DevOps
1129620,Inspiren,Staff Embedded Systems Engineer,Remote,"['Embedded', 'Architect', 'Technical', 'Support', 'Software', 'Strategy', 'Lead', 'Senior', 'Operational', 'Engineer']",https://remoteok.com/remote-jobs/remote-staff-embedded-systems-engineer-inspiren-1129620,2026-01-28T06:35:29.883253+00:00,ff992114-9105-4c16-a610-c74a50c79ac8,"['Embedded', 'Architect', 'Technical', 'Support', 'Software', 'Strategy', 'Lead', 'Senior', 'Operational', 'Engineer']",Backend/Core
1129615,Tenstorrent,Staff Software Engineer Cloud Infrastructure,Remote,"['Software', 'DevOps', 'Cloud', 'Operational', 'Reliability', 'Engineer', 'Engineering', 'Linux', 'Backend']",https://remoteok.com/remote-jobs/remote-staff-software-engineer-cloud-infrastructure-tenstorrent-1129615,2026-01-28T06:35:29.883253+00:00,ff992114-9105-4c16-a610-c74a50c79ac8,"['Software', 'DevOps', 'Cloud', 'Operational', 'Reliability', 'Engineer', 'Engineering', 'Linux', 'Backend']",Backend/Core
1129614,Tailscale,Security Infrastructure Engineer,Remote,"['Security', 'System', 'Technical', 'Software', 'Code', 'Cloud', 'Operational', 'Engineer', 'Engineering']",https://remoteok.com/remote-jobs/remote-security-infrastructure-engineer-tailscale-1129614,2026-01-28T06:35:29.883253+00:00,ff992114-9105-4c16-a610-c74a50c79ac8,"['Security', 'System', 'Technical', 'Software', 'Code', 'Cloud', 'Operational', 'Engineer', 'Engineering']",Backend/Core
1129611,Emma – The Sleep Company,Software Engineering Intern,Remote,"['Software', 'Design', 'Support', 'Growth', 'DevOps', 'JavaScript', 'Mobile', 'Lead', 'Operational', 'Go', 'Golang', 'Health', 'Engineering', 'Backend', 'E-Commerce']",https://remoteok.com/remote-jobs/remote-software-engineering-intern-emma-the-sleep-company-1129611,2026-01-28T06:35:29.883253+00:00,ff992114-9105-4c16-a610-c74a50c79ac8,"['Software', 'Design', 'Support', 'Growth', 'DevOps', 'JavaScript', 'Mobile', 'Lead', 'Operational', 'Go', 'Golang', 'Health', 'Engineering', 'Backend', 'E-Commerce']",Growth/Ops
1129610,PolicyMe,Principal Product Manager,Remote,"['Manager', 'Design', 'Technical', 'Support', 'Growth', 'Financial', 'Fintech', 'Leader', 'Strategy', 'Management', 'Lead', 'Operational', 'Health', 'Engineering']",https://remoteok.com/remote-jobs/remote-principal-product-manager-policyme-1129610,2026-01-28T06:35:29.883253+00:00,ff992114-9105-4c16-a610-c74a50c79ac8,"['Manager', 'Design', 'Technical', 'Support', 'Growth', 'Financial', 'Fintech', 'Leader', 'Strategy', 'Management', 'Lead', 'Operational', 'Health', 'Engineering']",Growth/Ops
1129609,Conversica,Product Manager Automotive Vertical,Remote,"['Manager', 'SaaS', 'Technical', 'Leader', 'Management', 'Lead', 'Sales', 'Engineering']",https://remoteok.com/remote-jobs/remote-product-manager-automotive-vertical-conversica-1129609,2026-01-28T06:35:29.883253+00:00,ff992114-9105-4c16-a610-c74a50c79ac8,"['Manager', 'SaaS', 'Technical', 'Leader', 'Management', 'Lead', 'Sales', 'Engineering']",DevOps
1129608,Pattern Data,Software Engineer I,Remote,"['Software', 'Cto', 'Scala', 'Senior', 'Legal', 'Engineer']",https://remoteok.com/remote-jobs/remote-software-engineer-i-pattern-data-1129608,2026-01-28T06:35:29.883253+00:00,ff992114-9105-4c16-a610-c74a50c79ac8,"['Software', 'Cto', 'Scala', 'Senior', 'Legal', 'Engineer']",Full Stack
1129607,Fullscript,Machine Learning Engineer,Remote,"['Senior', 'Health', 'Engineer']",https://remoteok.com/remote-jobs/remote-machine-learning-engineer-fullscript-1129607,2026-01-28T06:35:29.883253+00:00,ff992114-9105-4c16-a610-c74a50c79ac8,"['Senior', 'Health', 'Engineer']",Full Stack
1129604,Fetch,Senior Machine Learning Engineer,Remote,"['Software', 'Mobile', 'Senior', 'Engineer']",https://remoteok.com/remote-jobs/remote-senior-machine-learning-engineer-fetch-1129604,2026-01-28T06:35:29.883253+00:00,ff992114-9105-4c16-a610-c74a50c79ac8,"['Software', 'Mobile', 'Senior', 'Engineer']",Full Stack
1129603,Alpaca,VP of Engineering Institutional Trading,Remote,"['Crypto', 'Financial', 'Investment', 'C', 'API', 'Leader', 'Strategy', 'Lead', 'Senior', 'Engineering']",https://remoteok.com/remote-jobs/remote-vp-of-engineering-institutional-trading-alpaca-1129603,2026-01-28T06:35:29.883253+00:00,ff992114-9105-4c16-a610-c74a50c79ac8,"['Crypto', 'Financial', 'Investment', 'C', 'API', 'Leader', 'Strategy', 'Lead', 'Senior', 'Engineering']",Research/Specialized
1129618,AllBooked,Software Engineer Full Stack,Remote,"['Software', 'Full-Stack', 'Technical', 'Developer', 'Test', 'Growth', 'Management', 'Engineer', 'Full-Time']",https://remoteok.com/remote-jobs/remote-software-engineer-full-stack-allbooked-1129618,2026-01-28T06:35:29.883253+00:00,ff992114-9105-4c16-a610-c74a50c79ac8,"['Software', 'Full-Stack', 'Technical', 'Developer', 'Test', 'Growth', 'Management', 'Engineer', 'Full-Time']",Full Stack
1129552,2100 NVIDIA USA,Distinguished Engineer Apache Spark,"US, CA, Santa Clara","['Design', 'Hadoop', 'System', 'Architect', 'Technical', 'Software', 'Testing', 'Test', 'Code', 'Cloud', 'Scala', 'Leader', 'Strategy', 'Lead', 'Analytics', 'Recruiting', 'Engineer', 'Engineering', 'Apache']",https://remoteok.com/remote-jobs/remote-distinguished-engineer-apache-spark-2100-nvidia-usa-1129552,2026-01-28T06:35:29.883253+00:00,ff992114-9105-4c16-a610-c74a50c79ac8,"['Design', 'Hadoop', 'System', 'Architect', 'Technical', 'Software', 'Testing', 'Test', 'Code', 'Cloud', 'Scala', 'Leader', 'Strategy', 'Lead', 'Analytics', 'Recruiting', 'Engineer', 'Engineering', 'Apache']",Data & AI
1129477,WorkOS,Product Engineer AuthKit,Remote,"['SaaS', 'Support', 'Developer', 'Software', 'Growth', 'API', 'Health', 'Healthcare', 'Recruiting', 'Engineer', 'Engineering', 'Recruitment']",https://remoteok.com/remote-jobs/remote-product-engineer-authkit-workos-1129477,2026-01-28T06:35:29.883253+00:00,ff992114-9105-4c16-a610-c74a50c79ac8,"['SaaS', 'Support', 'Developer', 'Software', 'Growth', 'API', 'Health', 'Healthcare', 'Recruiting', 'Engineer', 'Engineering', 'Recruitment']",Backend/Core
1129550,MinIO,Site Reliability Engineer South Korea,Remote,"['Software', 'DevOps', 'Leader', 'Reliability', 'Engineer', 'Engineering']",https://remoteok.com/remote-jobs/remote-site-reliability-engineer-south-korea-minio-1129550,2026-01-28T06:35:29.883253+00:00,ff992114-9105-4c16-a610-c74a50c79ac8,"['Software', 'DevOps', 'Leader', 'Reliability', 'Engineer', 'Engineering']",Full Stack
1129509,Bugcrowd,DevOps Engineer,Remote,"['System', 'Security', 'Support', 'Manager', 'DevOps', 'Cloud', 'Management', 'Operational', 'Reliability', 'Health', 'Engineer', 'Engineering']",https://remoteok.com/remote-jobs/remote-devops-engineer-bugcrowd-1129509,2026-01-28T06:35:29.883253+00:00,ff992114-9105-4c16-a610-c74a50c79ac8,"['System', 'Security', 'Support', 'Manager', 'DevOps', 'Cloud', 'Management', 'Operational', 'Reliability', 'Health', 'Engineer', 'Engineering']",Backend/Core
1128869,Stellar AI,Senior Software Engineer,Remote,"['Developer', 'Train']",https://remoteok.com/remote-jobs/remote-senior-software-engineer-stellar-ai-1128869,2026-01-28T06:35:29.883253+00:00,ff992114-9105-4c16-a610-c74a50c79ac8,"['Developer', 'Train']",Full Stack
1129508,Bugcrowd,Senior DevOps Engineer,Remote,"['System', 'Security', 'DevOps', 'Cloud', 'Senior', 'Operational', 'Reliability', 'Engineer', 'Engineering']",https://remoteok.com/remote-jobs/remote-senior-devops-engineer-bugcrowd-1129508,2026-01-28T06:35:29.883253+00:00,ff992114-9105-4c16-a610-c74a50c79ac8,"['System', 'Security', 'DevOps', 'Cloud', 'Senior', 'Operational', 'Reliability', 'Engineer', 'Engineering']",Backend/Core
1129507,Bugcrowd,Staff DevOps Engineer,Remote,"['Design', 'Security', 'Developer', 'Software', 'DevOps', 'Cloud', 'Strategy', 'Lead', 'Engineer', 'Engineering']",https://remoteok.com/remote-jobs/remote-staff-devops-engineer-bugcrowd-1129507,2026-01-28T06:35:29.883253+00:00,ff992114-9105-4c16-a610-c74a50c79ac8,"['Design', 'Security', 'Developer', 'Software', 'DevOps', 'Cloud', 'Strategy', 'Lead', 'Engineer', 'Engineering']",Backend/Core
1129506,Ada,Technical Support Engineer,British Columbia,"['Technical', 'Support', 'Growth', 'Management', 'Senior', 'Engineer']",https://remoteok.com/remote-jobs/remote-technical-support-engineer-ada-1129506,2026-01-28T06:35:29.883253+00:00,ff992114-9105-4c16-a610-c74a50c79ac8,"['Technical', 'Support', 'Growth', 'Management', 'Senior', 'Engineer']",Full Stack
1129505,Kalepa,Senior Backend Engineer Submission Processing Team,Remote,"['Microsoft', 'Senior', 'Excel', 'Engineer', 'Backend']",https://remoteok.com/remote-jobs/remote-senior-backend-engineer-submission-processing-team-kalepa-1129505,2026-01-28T06:35:29.883253+00:00,ff992114-9105-4c16-a610-c74a50c79ac8,"['Microsoft', 'Senior', 'Excel', 'Engineer', 'Backend']",Full Stack
1129504,"Red Hat, Inc.",Forward Deployed Engineer AI Inference,Remote,"['Python', 'Training', 'Developer', 'Software', 'Code', 'Travel', 'Cloud', 'Leader', 'Sales', 'Go', 'Health', 'Healthcare', 'Engineer', 'Engineering', 'Recruitment', 'Backend']",https://remoteok.com/remote-jobs/remote-forward-deployed-engineer-ai-inference-red-hat-inc-1129504,2026-01-28T06:35:29.883253+00:00,ff992114-9105-4c16-a610-c74a50c79ac8,"['Python', 'Training', 'Developer', 'Software', 'Code', 'Travel', 'Cloud', 'Leader', 'Sales', 'Go', 'Health', 'Healthcare', 'Engineer', 'Engineering', 'Recruitment', 'Backend']",Security
1129503,xAI,Graphic Designer,Remote,"['Design', 'Designer', 'Content', 'Engineering']",https://remoteok.com/remote-jobs/remote-graphic-designer-xai-1129503,2026-01-28T06:35:29.883253+00:00,ff992114-9105-4c16-a610-c74a50c79ac8,"['Design', 'Designer', 'Content', 'Engineering']",DevOps
1129499,GHX,Principal DevSecOps Engineer,Remote,"['Technical', 'Software', 'Cloud', 'Leader', 'Senior', 'Engineer']",https://remoteok.com/remote-jobs/remote-principal-devsecops-engineer-ghx-1129499,2026-01-28T06:35:29.883253+00:00,ff992114-9105-4c16-a610-c74a50c79ac8,"['Technical', 'Software', 'Cloud', 'Leader', 'Senior', 'Engineer']",Full Stack
1129510,Rocket Money,Senior Software Engineer Rocket Ready,"San Francisco, CA","['Software', 'Full-Stack', 'Support', 'Web', 'Financial', 'Senior', 'Engineer']",https://remoteok.com/remote-jobs/remote-senior-software-engineer-rocket-ready-rocket-money-1129510,2026-01-28T06:35:29.883253+00:00,ff992114-9105-4c16-a610-c74a50c79ac8,"['Software', 'Full-Stack', 'Support', 'Web', 'Financial', 'Senior', 'Engineer']",Full Stack
1129498,Excella,Lead .NET Engineer,Remote,"['Support', 'Growth', 'Lead', 'Health', 'Engineer']",https://remoteok.com/remote-jobs/remote-lead-net-engineer-excella-1129498,2026-01-28T06:35:29.883253+00:00,ff992114-9105-4c16-a610-c74a50c79ac8,"['Support', 'Growth', 'Lead', 'Health', 'Engineer']",Full Stack
1129491,Ada,Senior Software Engineer Solutions,Remote,"['Software', 'Growth', 'Management', 'Senior', 'Engineer']",https://remoteok.com/remote-jobs/remote-senior-software-engineer-solutions-ada-1129491,2026-01-28T06:35:29.883253+00:00,ff992114-9105-4c16-a610-c74a50c79ac8,"['Software', 'Growth', 'Management', 'Senior', 'Engineer']",Full Stack
1129490,ALX Africa,Graphic Design Technical Mentor,Remote,"['Design', 'Students', 'Training', 'Technical', 'Software']",https://remoteok.com/remote-jobs/remote-graphic-design-technical-mentor-alx-africa-1129490,2026-01-28T06:35:29.883253+00:00,ff992114-9105-4c16-a610-c74a50c79ac8,"['Design', 'Students', 'Training', 'Technical', 'Software']",Full Stack
1129489,Recorded Future,Principal Software Engineer,Remote,"['Software', 'Design', 'Architect', 'Technical', 'Code', 'Strategy', 'Management', 'Lead', 'Engineer', 'Engineering', 'Backend']",https://remoteok.com/remote-jobs/remote-principal-software-engineer-recorded-future-1129489,2026-01-28T06:35:29.883253+00:00,ff992114-9105-4c16-a610-c74a50c79ac8,"['Software', 'Design', 'Architect', 'Technical', 'Code', 'Strategy', 'Management', 'Lead', 'Engineer', 'Engineering', 'Backend']",Security
1129488,Zip,Software Engineer Identity Access Management,Remote,"['Software', 'Front End', 'Security', 'Technical', 'Web', 'API', 'Management', 'Engineer', 'Engineering', 'E-Commerce']",https://remoteok.com/remote-jobs/remote-software-engineer-identity-access-management-zip-1129488,2026-01-28T06:35:29.883253+00:00,ff992114-9105-4c16-a610-c74a50c79ac8,"['Software', 'Front End', 'Security', 'Technical', 'Web', 'API', 'Management', 'Engineer', 'Engineering', 'E-Commerce']",Data & AI
1129486,Tech Innovations Inc.,Software Engineer,Remote,"['Software', 'Code', 'Web', 'Health', 'Engineer']",https://remoteok.com/remote-jobs/remote-software-engineer-tech-innovations-inc-1129486,2026-01-28T06:35:29.883253+00:00,ff992114-9105-4c16-a610-c74a50c79ac8,"['Software', 'Code', 'Web', 'Health', 'Engineer']",Full Stack
1129484,Alpaca,DevSecOps Engineer,Remote,"['Design', 'Crypto', 'Security', 'Software', 'Financial', 'Investment', 'C', 'Cloud', 'API', 'Lead', 'Engineer', 'Engineering']",https://remoteok.com/remote-jobs/remote-devsecops-engineer-alpaca-1129484,2026-01-28T06:35:29.883253+00:00,ff992114-9105-4c16-a610-c74a50c79ac8,"['Design', 'Crypto', 'Security', 'Software', 'Financial', 'Investment', 'C', 'Cloud', 'API', 'Lead', 'Engineer', 'Engineering']",Data & AI
1129480,Wormhole Foundation,Crypto Production Engineer,Remote,"['Crypto', 'Security', 'Support', 'Operational', 'Reliability', 'Engineer']",https://remoteok.com/remote-jobs/remote-crypto-production-engineer-wormhole-foundation-1129480,2026-01-28T06:35:29.883253+00:00,ff992114-9105-4c16-a610-c74a50c79ac8,"['Crypto', 'Security', 'Support', 'Operational', 'Reliability', 'Engineer']",Backend/Core
1129479,Callibrity,Senior Java Software Developer,Remote,"['Developer', 'Software', 'Consulting', 'Technical', 'Java', 'Leader', 'Lead', 'Senior', 'Engineering']",https://remoteok.com/remote-jobs/remote-senior-java-software-developer-callibrity-1129479,2026-01-28T06:35:29.883253+00:00,ff992114-9105-4c16-a610-c74a50c79ac8,"['Developer', 'Software', 'Consulting', 'Technical', 'Java', 'Leader', 'Lead', 'Senior', 'Engineering']",DevOps
1129636,Dataiku Misc Postings,Senior Sales Engineer West,Remote,"['Design', 'Technical', 'Lead', 'Senior', 'Marketing', 'Sales', 'Engineer', 'Engineering', 'Executive']",https://remoteok.com/remote-jobs/remote-senior-sales-engineer-west-dataiku-misc-postings-1129636,2026-01-28T06:35:29.883253+00:00,ff992114-9105-4c16-a610-c74a50c79ac8,"['Design', 'Technical', 'Lead', 'Senior', 'Marketing', 'Sales', 'Engineer', 'Engineering', 'Executive']",DevOps
1129493,Underdog Sports,Senior Software Engineer iOS,Remote,"['iOS', 'Software', 'Design', 'Support', 'UI', 'Animation', 'Mobile', 'Senior', 'Android', 'Engineer', 'Engineering']",https://remoteok.com/remote-jobs/remote-senior-software-engineer-ios-underdog-sports-1129493,2026-01-28T06:35:29.883253+00:00,ff992114-9105-4c16-a610-c74a50c79ac8,"['iOS', 'Software', 'Design', 'Support', 'UI', 'Animation', 'Mobile', 'Senior', 'Android', 'Engineer', 'Engineering']",Full Stack
1129551,BeyondTrust,Sr Software Development Engineer,Remote,"['Software', 'Engineer']",https://remoteok.com/remote-jobs/remote-sr-software-development-engineer-beyondtrust-1129551,2026-01-28T06:35:29.883253+00:00,ff992114-9105-4c16-a610-c74a50c79ac8,"['Software', 'Engineer']",Full Stack
1129403,Jiga,Full Stack Product Engineer,Remote,"['Senior', 'JavaScript', 'React', 'Node', 'Mongo', 'Engineer', 'Full Stack']",https://remoteok.com/remote-jobs/remote-full-stack-product-engineer-jiga-1129403,2026-01-28T06:35:29.883253+00:00,ff992114-9105-4c16-a610-c74a50c79ac8,"['Senior', 'JavaScript', 'React', 'Node', 'Mongo', 'Engineer', 'Full Stack']",Full Stack
1129514,Tailscale,Solutions Engineer Commercial,Remote,"['Security', 'Technical', 'Software', 'Lead', 'Sales', 'Engineer']",https://remoteok.com/remote-jobs/remote-solutions-engineer-commercial-tailscale-1129514,2026-01-28T06:35:29.883253+00:00,ff992114-9105-4c16-a610-c74a50c79ac8,"['Security', 'Technical', 'Software', 'Lead', 'Sales', 'Engineer']",Full Stack
1129549,ButterflyMX,Chief Information Security Officer,Remote,"['Security', 'Design', 'SaaS', 'System', 'Training', 'Cto', 'Technical', 'Support', 'Growth', 'Edu', 'Leader', 'Strategy', 'Management', 'Lead', 'Operations', 'Sales', 'Healthcare', 'Recruiting', 'Engineering', 'Executive']",https://remoteok.com/remote-jobs/remote-chief-information-security-officer-butterflymx-1129549,2026-01-28T06:35:29.883253+00:00,ff992114-9105-4c16-a610-c74a50c79ac8,"['Security', 'Design', 'SaaS', 'System', 'Training', 'Cto', 'Technical', 'Support', 'Growth', 'Edu', 'Leader', 'Strategy', 'Management', 'Lead', 'Operations', 'Sales', 'Healthcare', 'Recruiting', 'Engineering', 'Executive']",Growth/Ops
1129548,Automattic Careers,Experienced Software Engineer,Remote,"['Software', 'Wordpress', 'Support', 'Code', 'Web', 'Engineer', 'E-Commerce']",https://remoteok.com/remote-jobs/remote-experienced-software-engineer-automattic-careers-1129548,2026-01-28T06:35:29.883253+00:00,ff992114-9105-4c16-a610-c74a50c79ac8,"['Software', 'Wordpress', 'Support', 'Code', 'Web', 'Engineer', 'E-Commerce']",Full Stack
1129547,Basis Technologies,Product Manager,Remote,"['Manager', 'Technical', 'Software', 'Growth', 'Financial', 'Edu', 'Management', 'Operational', 'Health']",https://remoteok.com/remote-jobs/remote-product-manager-basis-technologies-1129547,2026-01-28T06:35:29.883253+00:00,ff992114-9105-4c16-a610-c74a50c79ac8,"['Manager', 'Technical', 'Software', 'Growth', 'Financial', 'Edu', 'Management', 'Operational', 'Health']",Growth/Ops
1129544,Skio,Product Designer,Remote,"['Design', 'SaaS', 'System', 'Designer', 'Support', 'Growth', 'Engineering', 'Shopify']",https://remoteok.com/remote-jobs/remote-product-designer-skio-1129544,2026-01-28T06:35:29.883253+00:00,ff992114-9105-4c16-a610-c74a50c79ac8,"['Design', 'SaaS', 'System', 'Designer', 'Support', 'Growth', 'Engineering', 'Shopify']",DevOps
1129541,Apply Digital,Product Consultant,Remote,"['Consultant', 'Design', 'Training', 'Technical', 'Support', 'Testing', 'Web', 'Scrum', 'Manager', 'Lead', 'Content', 'Senior', 'Marketing', 'Analytics', 'Health', 'Engineering', 'Recruitment']",https://remoteok.com/remote-jobs/remote-product-consultant-apply-digital-1129541,2026-01-28T06:35:29.883253+00:00,ff992114-9105-4c16-a610-c74a50c79ac8,"['Consultant', 'Design', 'Training', 'Technical', 'Support', 'Testing', 'Web', 'Scrum', 'Manager', 'Lead', 'Content', 'Senior', 'Marketing', 'Analytics', 'Health', 'Engineering', 'Recruitment']",DevOps
1129539,"Envoy Global, Inc.",DevOps Lead Engineer,Remote,"['Design', 'Security', 'InfoSec', 'Software', 'DevOps', 'Cloud', 'Lead', 'Operational', 'Engineer', 'Engineering']",https://remoteok.com/remote-jobs/remote-devops-lead-engineer-envoy-global-inc-1129539,2026-01-28T06:35:29.883253+00:00,ff992114-9105-4c16-a610-c74a50c79ac8,"['Design', 'Security', 'InfoSec', 'Software', 'DevOps', 'Cloud', 'Lead', 'Operational', 'Engineer', 'Engineering']",Backend/Core
1129538,Udemy,Principal DevOps Engineer Datastores,"Austin, TX; Denver, CO","['Security', 'Students', 'Growth', 'DevOps', 'Lead', 'Engineer', 'Engineering']",https://remoteok.com/remote-jobs/remote-principal-devops-engineer-datastores-udemy-1129538,2026-01-28T06:35:29.883253+00:00,ff992114-9105-4c16-a610-c74a50c79ac8,"['Security', 'Students', 'Growth', 'DevOps', 'Lead', 'Engineer', 'Engineering']",Backend/Core
1129537,Mitratech,Software Development Manager,Remote,"['Software', 'Manager', 'HR', 'Operations', 'Engineering']",https://remoteok.com/remote-jobs/remote-software-development-manager-mitratech-1129537,2026-01-28T06:35:29.883253+00:00,ff992114-9105-4c16-a610-c74a50c79ac8,"['Software', 'Manager', 'HR', 'Operations', 'Engineering']",DevOps
1129536,Defense Unicorns,Solutions Architect Strategic Capture,Remote,"['Architect', 'Security', 'Technical', 'Support', 'Travel', 'Lead', 'Sales']",https://remoteok.com/remote-jobs/remote-solutions-architect-strategic-capture-defense-unicorns-1129536,2026-01-28T06:35:29.883253+00:00,ff992114-9105-4c16-a610-c74a50c79ac8,"['Architect', 'Security', 'Technical', 'Support', 'Travel', 'Lead', 'Sales']",DevOps
1129513,BeyondTrust,Sr Solutions Engineer,Remote,['Engineer'],https://remoteok.com/remote-jobs/remote-sr-solutions-engineer-beyondtrust-1129513,2026-01-28T06:35:29.883253+00:00,ff992114-9105-4c16-a610-c74a50c79ac8,['Engineer'],Full Stack
1129535,Alpaca,Current openings,Remote,"['Crypto', 'Financial', 'Investment', 'API']",https://remoteok.com/remote-jobs/remote-current-openings-alpaca-1129535,2026-01-28T06:35:29.883253+00:00,ff992114-9105-4c16-a610-c74a50c79ac8,"['Crypto', 'Financial', 'Investment', 'API']",Research/Specialized
1129532,Sanctuary Computer,Senior Data Engineer,Remote,"['Engineer', 'Senior', 'Technical', 'Backend', 'Python', 'Ruby', 'Data Science', 'Pyton', 'Django', 'Executive', 'Developer', 'Front End']",https://remoteok.com/remote-jobs/remote-senior-data-engineer-sanctuary-computer-1129532,2026-01-28T06:35:29.883253+00:00,ff992114-9105-4c16-a610-c74a50c79ac8,"['Engineer', 'Senior', 'Technical', 'Backend', 'Python', 'Ruby', 'Data Science', 'Pyton', 'Django', 'Executive', 'Developer', 'Front End']",Full Stack
1129530,Lumos,Enterprise Customer Success Manager,Remote,"['Manager', 'SaaS', 'Technical', 'Web', 'Investor', 'Mongo', 'Management', 'Senior', 'Sales']",https://remoteok.com/remote-jobs/remote-enterprise-customer-success-manager-lumos-1129530,2026-01-28T06:35:29.883253+00:00,ff992114-9105-4c16-a610-c74a50c79ac8,"['Manager', 'SaaS', 'Technical', 'Web', 'Investor', 'Mongo', 'Management', 'Senior', 'Sales']",DevOps
1129528,Sony Interactive Entertainment,Software Engineer II DevOps,Remote,"['Software', 'System', 'Technical', 'Support', 'Developer', 'DevOps', 'Cloud', 'Leader', 'Management', 'Operations', 'Operational', 'Engineer', 'Engineering']",https://remoteok.com/remote-jobs/remote-software-engineer-ii-devops-sony-interactive-entertainment-1129528,2026-01-28T06:35:29.883253+00:00,ff992114-9105-4c16-a610-c74a50c79ac8,"['Software', 'System', 'Technical', 'Support', 'Developer', 'DevOps', 'Cloud', 'Leader', 'Management', 'Operations', 'Operational', 'Engineer', 'Engineering']",Backend/Core
1129527,"LE018 Zelis Healthcare, LLC",Kubernetes Engineer,US NJ Morristown,"['Design', 'Amazon', 'System', 'Security', 'Architect', 'Technical', 'Support', 'Developer', 'DevOps', 'Financial', 'Cloud', 'Node', 'Strategy', 'Management', 'Lead', 'Operational', 'Reliability', 'Health', 'Healthcare', 'Engineer', 'Engineering', 'Recruitment', 'Full-Time']",https://remoteok.com/remote-jobs/remote-kubernetes-engineer-le018-zelis-healthcare-llc-1129527,2026-01-28T06:35:29.883253+00:00,ff992114-9105-4c16-a610-c74a50c79ac8,"['Design', 'Amazon', 'System', 'Security', 'Architect', 'Technical', 'Support', 'Developer', 'DevOps', 'Financial', 'Cloud', 'Node', 'Strategy', 'Management', 'Lead', 'Operational', 'Reliability', 'Health', 'Healthcare', 'Engineer', 'Engineering', 'Recruitment', 'Full-Time']",Backend/Core
1129523,ZenBusiness Inc.,Staff Product Manager,Remote,"['Manager', 'Testing', 'Test', 'Growth', 'UX', 'Leader', 'Lead', 'Marketing', 'Excel', 'Engineering']",https://remoteok.com/remote-jobs/remote-staff-product-manager-zenbusiness-inc-1129523,2026-01-28T06:35:29.883253+00:00,ff992114-9105-4c16-a610-c74a50c79ac8,"['Manager', 'Testing', 'Test', 'Growth', 'UX', 'Leader', 'Lead', 'Marketing', 'Excel', 'Engineering']",DevOps
1129520,Cresta,Senior Software Engineer Backend,Remote,"['Software', 'Design', 'Python', 'Technical', 'Voice', 'Senior', 'Golang', 'Engineer', 'Engineering', 'Backend']",https://remoteok.com/remote-jobs/remote-senior-software-engineer-backend-cresta-1129520,2026-01-28T06:35:29.883253+00:00,ff992114-9105-4c16-a610-c74a50c79ac8,"['Software', 'Design', 'Python', 'Technical', 'Voice', 'Senior', 'Golang', 'Engineer', 'Engineering', 'Backend']",Security
1129518,Apogee Therapeutics,Associate Director Manufacturing Science and Technology,Remote,"['Director', 'Support', 'Engineering']",https://remoteok.com/remote-jobs/remote-associate-director-manufacturing-science-and-technology-apogee-therapeutics-1129518,2026-01-28T06:35:29.883253+00:00,ff992114-9105-4c16-a610-c74a50c79ac8,"['Director', 'Support', 'Engineering']",DevOps
1129517,Braze,Platform & Automation Engineer,Remote,"['Technical', 'Growth', 'Engineer']",https://remoteok.com/remote-jobs/remote-platform-automation-engineer-braze-1129517,2026-01-28T06:35:29.883253+00:00,ff992114-9105-4c16-a610-c74a50c79ac8,"['Technical', 'Growth', 'Engineer']",Full Stack
1129516,Clariti Cloud Inc.,Senior Software Engineer,Remote,"['Software', 'Design', 'SaaS', 'Salesforce', 'Architect', 'Cloud', 'Senior', 'Engineer']",https://remoteok.com/remote-jobs/remote-senior-software-engineer-clariti-cloud-inc-1129516,2026-01-28T06:35:29.883253+00:00,ff992114-9105-4c16-a610-c74a50c79ac8,"['Software', 'Design', 'SaaS', 'Salesforce', 'Architect', 'Cloud', 'Senior', 'Engineer']",Full Stack
1129533,NEAR Foundation,Sales & Business Development Director,Remote,"['Director', 'Technical', 'Financial', 'Sales']",https://remoteok.com/remote-jobs/remote-sales-business-development-director-near-foundation-1129533,2026-01-28T06:35:29.883253+00:00,ff992114-9105-4c16-a610-c74a50c79ac8,"['Director', 'Technical', 'Financial', 'Sales']",Research/Specialized
1129637,Camunda,Senior Cloud Infrastructure Engineer Kubernetes,Remote,"['SaaS', 'Support', 'Code', 'Cloud', 'Strategy', 'Senior', 'Operations', 'Operational', 'Reliability', 'Health', 'Engineer', 'Engineering']",https://remoteok.com/remote-jobs/remote-senior-cloud-infrastructure-engineer-kubernetes-camunda-1129637,2026-01-28T06:35:29.883253+00:00,ff992114-9105-4c16-a610-c74a50c79ac8,"['SaaS', 'Support', 'Code', 'Cloud', 'Strategy', 'Senior', 'Operations', 'Operational', 'Reliability', 'Health', 'Engineer', 'Engineering']",Backend/Core
1129749,xAI,X Memes and Headline Commentary Tutor,Remote,"['Tutor', 'Training', 'Technical', 'Support', 'Software', 'Content', 'Engineering']",https://remoteok.com/remote-jobs/remote-x-memes-and-headline-commentary-tutor-xai-1129749,2026-01-28T06:35:29.883253+00:00,ff992114-9105-4c16-a610-c74a50c79ac8,"['Tutor', 'Training', 'Technical', 'Support', 'Software', 'Content', 'Engineering']",DevOps
1129644,Peregrine Technologies,Senior Infrastructure Engineer,"Washington, D.C.","['Design', 'Senior', 'Operational', 'Engineer', 'Engineering']",https://remoteok.com/remote-jobs/remote-senior-infrastructure-engineer-peregrine-technologies-1129644,2026-01-28T06:35:29.883253+00:00,ff992114-9105-4c16-a610-c74a50c79ac8,"['Design', 'Senior', 'Operational', 'Engineer', 'Engineering']",Full Stack
1129798,Shift4,Enterprise Account Management Director,Remote,"['Director', 'Fintech', 'Leader', 'Management', 'Lead', 'Operational', 'Health', 'E-Commerce', 'Non Tech']",https://remoteok.com/remote-jobs/remote-enterprise-account-management-director-shift4-1129798,2026-01-28T06:35:29.883253+00:00,ff992114-9105-4c16-a610-c74a50c79ac8,"['Director', 'Fintech', 'Leader', 'Management', 'Lead', 'Operational', 'Health', 'E-Commerce', 'Non Tech']",Growth/Ops
1129797,Agiloft,Senior Product Manager AI Solutions,Remote,"['Manager', 'Support', 'Code', 'Leader', 'Strategy', 'Management', 'Lead', 'Senior', 'Legal', 'Recruiting', 'Executive', 'Non Tech']",https://remoteok.com/remote-jobs/remote-senior-product-manager-ai-solutions-agiloft-1129797,2026-01-28T06:35:29.883253+00:00,ff992114-9105-4c16-a610-c74a50c79ac8,"['Manager', 'Support', 'Code', 'Leader', 'Strategy', 'Management', 'Lead', 'Senior', 'Legal', 'Recruiting', 'Executive', 'Non Tech']",Growth/Ops
1129796,Kunai,Product Manager,Remote,"['Manager', 'Full-Stack', 'Support', 'Financial', 'Marketing', 'Engineering', 'Non Tech']",https://remoteok.com/remote-jobs/remote-product-manager-kunai-1129796,2026-01-28T06:35:29.883253+00:00,ff992114-9105-4c16-a610-c74a50c79ac8,"['Manager', 'Full-Stack', 'Support', 'Financial', 'Marketing', 'Engineering', 'Non Tech']",DevOps
1129794,Jito Labs,Staff Systems Engineer Low Latency & Networking,Remote,"['Technical', 'C', 'C++', 'Assembly', 'Senior', 'Health', 'Engineer', 'Linux']",https://remoteok.com/remote-jobs/remote-staff-systems-engineer-low-latency-amp-networking-jito-labs-1129794,2026-01-28T06:35:29.883253+00:00,ff992114-9105-4c16-a610-c74a50c79ac8,"['Technical', 'C', 'C++', 'Assembly', 'Senior', 'Health', 'Engineer', 'Linux']",Full Stack
1129793,RefinedScience,Software Developer Intern,Remote,"['Developer', 'Software', 'System', 'Technical', 'Code', 'Git', 'Senior', 'Internship']",https://remoteok.com/remote-jobs/remote-software-developer-intern-refinedscience-1129793,2026-01-28T06:35:29.883253+00:00,ff992114-9105-4c16-a610-c74a50c79ac8,"['Developer', 'Software', 'System', 'Technical', 'Code', 'Git', 'Senior', 'Internship']",Full Stack
1129792,Euclid Power,Senior Project Manager Delivery,Remote,"['Manager', 'System', 'Content', 'Senior']",https://remoteok.com/remote-jobs/remote-senior-project-manager-delivery-euclid-power-1129792,2026-01-28T06:35:29.883253+00:00,ff992114-9105-4c16-a610-c74a50c79ac8,"['Manager', 'System', 'Content', 'Senior']",Full Stack
1129790,Greenhouse,Senior Machine Learning Engineer,Anywhere in the United States,"['Support', 'Software', 'Senior', 'Go', 'Engineer', 'Engineering']",https://remoteok.com/remote-jobs/remote-senior-machine-learning-engineer-greenhouse-1129790,2026-01-28T06:35:29.883253+00:00,ff992114-9105-4c16-a610-c74a50c79ac8,"['Support', 'Software', 'Senior', 'Go', 'Engineer', 'Engineering']",Full Stack
1129785,Arbol,Data Scientist,"New York City, New York","['Back-End', 'Python', 'Support', 'Fintech', 'Operational', 'Analytics', 'Sales', 'Health', 'Executive', 'Full-Time', 'Non Tech']",https://remoteok.com/remote-jobs/remote-data-scientist-arbol-1129785,2026-01-28T06:35:29.883253+00:00,ff992114-9105-4c16-a610-c74a50c79ac8,"['Back-End', 'Python', 'Support', 'Fintech', 'Operational', 'Analytics', 'Sales', 'Health', 'Executive', 'Full-Time', 'Non Tech']",Growth/Ops
1129784,Raya,Senior Data Scientist,Remote,"['Python', 'Technical', 'Testing', 'Senior', 'Operations', 'Excel', 'Analytics']",https://remoteok.com/remote-jobs/remote-senior-data-scientist-raya-1129784,2026-01-28T06:35:29.883253+00:00,ff992114-9105-4c16-a610-c74a50c79ac8,"['Python', 'Technical', 'Testing', 'Senior', 'Operations', 'Excel', 'Analytics']",Full Stack
1129800,Cority,Senior Manager GTM Analytics and AI,Remote,"['Manager', 'Design', 'SaaS', 'Embedded', 'Training', 'Technical', 'Support', 'Software', 'Growth', 'Financial', 'Strategy', 'Lead', 'Senior', 'Operational', 'Marketing', 'Analytics', 'Health', 'Engineering', 'Executive']",https://remoteok.com/remote-jobs/remote-senior-manager-gtm-analytics-and-ai-cority-1129800,2026-01-28T06:35:29.883253+00:00,ff992114-9105-4c16-a610-c74a50c79ac8,"['Manager', 'Design', 'SaaS', 'Embedded', 'Training', 'Technical', 'Support', 'Software', 'Growth', 'Financial', 'Strategy', 'Lead', 'Senior', 'Operational', 'Marketing', 'Analytics', 'Health', 'Engineering', 'Executive']",Growth/Ops
1129780,Game Plan Tech,Technical Project Manager,Remote,"['Game Developer', 'Manager', 'Technical', 'Travel', 'Management']",https://remoteok.com/remote-jobs/remote-technical-project-manager-game-plan-tech-1129780,2026-01-28T06:35:29.883253+00:00,ff992114-9105-4c16-a610-c74a50c79ac8,"['Game Developer', 'Manager', 'Technical', 'Travel', 'Management']",Growth/Ops
1129775,Obsidian Security,Staff Platform Security Engineer Office of the CISO,Remote,"['InfoSec', 'Security', 'SaaS', 'Software', 'Growth', 'Cloud', 'Microsoft', 'Engineer']",https://remoteok.com/remote-jobs/remote-staff-platform-security-engineer-office-of-the-ciso-obsidian-security-1129775,2026-01-28T06:35:29.883253+00:00,ff992114-9105-4c16-a610-c74a50c79ac8,"['InfoSec', 'Security', 'SaaS', 'Software', 'Growth', 'Cloud', 'Microsoft', 'Engineer']",Full Stack
1129774,Precision Medicine Group,Manager End User Computing,Remote,"['Manager', 'Design', 'HR', 'Security', 'Technical', 'Support', 'Microsoft', 'Leader', 'Strategy', 'Management', 'Lead', 'Operations', 'Operational']",https://remoteok.com/remote-jobs/remote-manager-end-user-computing-precision-medicine-group-1129774,2026-01-28T06:35:29.883253+00:00,ff992114-9105-4c16-a610-c74a50c79ac8,"['Manager', 'Design', 'HR', 'Security', 'Technical', 'Support', 'Microsoft', 'Leader', 'Strategy', 'Management', 'Lead', 'Operations', 'Operational']",Growth/Ops
1129773,Blue Cube Services,Support Engineer,Remote,"['Grafana', 'Technical', 'Support', 'Software', 'Operations', 'Recruiting', 'Engineer', 'Engineering']",https://remoteok.com/remote-jobs/remote-support-engineer-blue-cube-services-1129773,2026-01-28T06:35:29.883253+00:00,ff992114-9105-4c16-a610-c74a50c79ac8,"['Grafana', 'Technical', 'Support', 'Software', 'Operations', 'Recruiting', 'Engineer', 'Engineering']",Backend/Core
1129771,BitMEX,Software Engineer Manager Marketing,Remote,"['Software', 'Manager', 'Crypto', 'Cryptocurrency', 'Security', 'Marketing', 'Engineer']",https://remoteok.com/remote-jobs/remote-software-engineer-manager-marketing-bitmex-1129771,2026-01-28T06:35:29.883253+00:00,ff992114-9105-4c16-a610-c74a50c79ac8,"['Software', 'Manager', 'Crypto', 'Cryptocurrency', 'Security', 'Marketing', 'Engineer']",Full Stack
1129770,Tiger Data,Senior Platform Engineer Postgres Specialist,Remote,"['Cloud', 'PostgreSQL', 'Senior', 'Operational', 'Engineer', 'Educational', 'Full-Time']",https://remoteok.com/remote-jobs/remote-senior-platform-engineer-postgres-specialist-tiger-data-1129770,2026-01-28T06:35:29.883253+00:00,ff992114-9105-4c16-a610-c74a50c79ac8,"['Cloud', 'PostgreSQL', 'Senior', 'Operational', 'Engineer', 'Educational', 'Full-Time']",Full Stack
1129769,Clay Labs,Data Partnerships,Remote,"['SaaS', 'Technical', 'Growth', 'Voice', 'Manager', 'Management', 'Operational', 'Go', 'Health', 'Engineering']",https://remoteok.com/remote-jobs/remote-data-partnerships-clay-labs-1129769,2026-01-28T06:35:29.883253+00:00,ff992114-9105-4c16-a610-c74a50c79ac8,"['SaaS', 'Technical', 'Growth', 'Voice', 'Manager', 'Management', 'Operational', 'Go', 'Health', 'Engineering']",Growth/Ops
1129768,Alpaca,Senior Sales Engineer APAC,Remote,"['Crypto', 'Technical', 'Support', 'Financial', 'Investment', 'C', 'API', 'Senior', 'Sales', 'Engineer']",https://remoteok.com/remote-jobs/remote-senior-sales-engineer-apac-alpaca-1129768,2026-01-28T06:35:29.883253+00:00,ff992114-9105-4c16-a610-c74a50c79ac8,"['Crypto', 'Technical', 'Support', 'Financial', 'Investment', 'C', 'API', 'Senior', 'Sales', 'Engineer']",Research/Specialized
1129766,xAI,Fullstack Engineer Education,Remote,"['System', 'Support', 'Edu', 'Content', 'Analytics', 'Engineer', 'Engineering', 'Backend', 'Fullstack']",https://remoteok.com/remote-jobs/remote-fullstack-engineer-education-xai-1129766,2026-01-28T06:35:29.883253+00:00,ff992114-9105-4c16-a610-c74a50c79ac8,"['System', 'Support', 'Edu', 'Content', 'Analytics', 'Engineer', 'Engineering', 'Backend', 'Fullstack']",Backend/Core
1129758,Swayable,Technical Support Engineer,Remote,"['Python', 'Technical', 'Support', 'Growth', 'Director', 'JavaScript', 'Strategy', 'Content', 'Engineer', 'Engineering', 'Executive']",https://remoteok.com/remote-jobs/remote-technical-support-engineer-swayable-1129758,2026-01-28T06:35:29.883253+00:00,ff992114-9105-4c16-a610-c74a50c79ac8,"['Python', 'Technical', 'Support', 'Growth', 'Director', 'JavaScript', 'Strategy', 'Content', 'Engineer', 'Engineering', 'Executive']",DevOps
1129779,The Farmer's Dog,Staff Software Engineer,Remote,"['Software', 'Support', 'Health', 'Engineer', 'E-Commerce']",https://remoteok.com/remote-jobs/remote-staff-software-engineer-the-farmers-dog-1129779,2026-01-28T06:35:29.883253+00:00,ff992114-9105-4c16-a610-c74a50c79ac8,"['Software', 'Support', 'Health', 'Engineer', 'E-Commerce']",Full Stack
1129757,Engine,Senior Engineering Manager Data Engineering,Remote,"['Manager', 'Support', 'Travel', 'Fintech', 'Leader', 'Management', 'Lead', 'Senior', 'Engineering']",https://remoteok.com/remote-jobs/remote-senior-engineering-manager-data-engineering-engine-1129757,2026-01-28T06:35:29.883253+00:00,ff992114-9105-4c16-a610-c74a50c79ac8,"['Manager', 'Support', 'Travel', 'Fintech', 'Leader', 'Management', 'Lead', 'Senior', 'Engineering']",DevOps
1129802,Skydance,AI Game Tech Technical Director,Remote,"['Game', 'Director', 'Security', 'Architect', 'Technical', 'Developer', 'Animation', 'Leader', 'Lead', 'Senior', 'Engineering']",https://remoteok.com/remote-jobs/remote-ai-game-tech-technical-director-skydance-1129802,2026-01-28T06:35:29.883253+00:00,ff992114-9105-4c16-a610-c74a50c79ac8,"['Game', 'Director', 'Security', 'Architect', 'Technical', 'Developer', 'Animation', 'Leader', 'Lead', 'Senior', 'Engineering']",DevOps
1129807,RefinedScience,Data Engineering Intern,Remote,"['Python', 'Students', 'Support', 'Software', 'Code', 'Analytics', 'Healthcare', 'Engineering', 'Internship']",https://remoteok.com/remote-jobs/remote-data-engineering-intern-refinedscience-1129807,2026-01-28T06:35:29.883253+00:00,ff992114-9105-4c16-a610-c74a50c79ac8,"['Python', 'Students', 'Support', 'Software', 'Code', 'Analytics', 'Healthcare', 'Engineering', 'Internship']",Backend/Core
1129476,Chainguard,Senior Solutions Architect APAC,Remote,"['Architect', 'Technical', 'Software', 'Lead', 'Senior', 'Engineering']",https://remoteok.com/remote-jobs/remote-senior-solutions-architect-apac-chainguard-1129476,2026-01-28T06:35:29.883253+00:00,ff992114-9105-4c16-a610-c74a50c79ac8,"['Architect', 'Technical', 'Software', 'Lead', 'Senior', 'Engineering']",DevOps
1129395,Metana,Coding Bootcamp﹣Job Guaranteed,Remote,"['No Tech Background Needed', 'Job or 100% Money Back']",https://remoteok.com/remote-jobs/remote-coding-bootcamp-job-guaranteed-metana-1129395,2026-01-28T06:35:29.883253+00:00,ff992114-9105-4c16-a610-c74a50c79ac8,"['No Tech Background Needed', 'Job or 100% Money Back']",Full Stack
1129847,The Scion Group,Regional Property Manager,Remote,"['Manager', 'Training', 'Software', 'Leader', 'Management', 'Lead', 'Operations']",https://remoteok.com/remote-jobs/remote-regional-property-manager-the-scion-group-1129847,2026-01-28T06:35:29.883253+00:00,ff992114-9105-4c16-a610-c74a50c79ac8,"['Manager', 'Training', 'Software', 'Leader', 'Management', 'Lead', 'Operations']",Growth/Ops
1129846,Datacor,Campaign Manager Demand Generation,Remote,"['Manager', 'Software', 'Director', 'Lead', 'Content', 'Marketing', 'Engineering']",https://remoteok.com/remote-jobs/remote-campaign-manager-demand-generation-datacor-1129846,2026-01-28T06:35:29.883253+00:00,ff992114-9105-4c16-a610-c74a50c79ac8,"['Manager', 'Software', 'Director', 'Lead', 'Content', 'Marketing', 'Engineering']",DevOps
1129843,Octave,Product Designer Provider Experience,Remote,"['Design', 'System', 'Designer', 'Support', 'Web', 'Lead', 'Senior', 'Operations', 'Operational', 'Health', 'Healthcare', 'Engineering']",https://remoteok.com/remote-jobs/remote-product-designer-provider-experience-octave-1129843,2026-01-28T06:35:29.883253+00:00,ff992114-9105-4c16-a610-c74a50c79ac8,"['Design', 'System', 'Designer', 'Support', 'Web', 'Lead', 'Senior', 'Operations', 'Operational', 'Health', 'Healthcare', 'Engineering']",DevOps
1129840,Patrick J McGovern Foundation,Full Stack Developer,Remote,"['Developer', 'Design', 'React', 'System', 'Front-End', 'Full-Stack', 'Technical', 'Support', 'UI', 'Code', 'Web', 'Financial', 'Cloud', 'NoSQL', 'Mobile', 'Senior', 'Junior', 'Health', 'Engineer', 'Engineering', 'Recruitment', 'Backend']",https://remoteok.com/remote-jobs/remote-full-stack-developer-patrick-j-mcgovern-foundation-1129840,2026-01-28T06:35:29.883253+00:00,ff992114-9105-4c16-a610-c74a50c79ac8,"['Developer', 'Design', 'React', 'System', 'Front-End', 'Full-Stack', 'Technical', 'Support', 'UI', 'Code', 'Web', 'Financial', 'Cloud', 'NoSQL', 'Mobile', 'Senior', 'Junior', 'Health', 'Engineer', 'Engineering', 'Recruitment', 'Backend']",Security
1129839,Salvo Health,Customer Success Manager,Remote,"['Manager', 'Design', 'Support', 'Travel', 'Financial', 'Management', 'Lead', 'Junior', 'Operational', 'Reliability', 'Go', 'Medical', 'Health', 'Healthcare']",https://remoteok.com/remote-jobs/remote-customer-success-manager-salvo-health-1129839,2026-01-28T06:35:29.883253+00:00,ff992114-9105-4c16-a610-c74a50c79ac8,"['Manager', 'Design', 'Support', 'Travel', 'Financial', 'Management', 'Lead', 'Junior', 'Operational', 'Reliability', 'Go', 'Medical', 'Health', 'Healthcare']",Growth/Ops
1129838,Dagster Labs,Software Engineer Enterprise Readiness,Remote,"['Software', 'Technical', 'Support', 'Travel', 'Cloud', 'Engineer', 'Engineering']",https://remoteok.com/remote-jobs/remote-software-engineer-enterprise-readiness-dagster-labs-1129838,2026-01-28T06:35:29.883253+00:00,ff992114-9105-4c16-a610-c74a50c79ac8,"['Software', 'Technical', 'Support', 'Travel', 'Cloud', 'Engineer', 'Engineering']",Backend/Core
1129836,Toshiba Global Commerce Solutions,Principal Software Architect,Remote,"['Architect', 'Software', 'Design', 'Technical', 'Code', 'Lead', 'Operational', 'Engineering']",https://remoteok.com/remote-jobs/remote-principal-software-architect-toshiba-global-commerce-solutions-1129836,2026-01-28T06:35:29.883253+00:00,ff992114-9105-4c16-a610-c74a50c79ac8,"['Architect', 'Software', 'Design', 'Technical', 'Code', 'Lead', 'Operational', 'Engineering']",DevOps
1129806,DoorDash USA,Staff Security Engineer Proactive Security,Remote,"['Security', 'System', 'Support', 'Manager', 'Cloud', 'Lead', 'Engineer', 'Engineering']",https://remoteok.com/remote-jobs/remote-staff-security-engineer-proactive-security-doordash-usa-1129806,2026-01-28T06:35:29.883253+00:00,ff992114-9105-4c16-a610-c74a50c79ac8,"['Security', 'System', 'Support', 'Manager', 'Cloud', 'Lead', 'Engineer', 'Engineering']",Backend/Core
1129835,BNSF Railway,Platform & Enterprise Full Stack Sr Staff Software Engineer,Remote,"['Other', 'Design', 'Train', 'Full Stack']",https://remoteok.com/remote-jobs/remote-platform-enterprise-full-stack-sr-staff-software-engineer-bnsf-railway-1129835,2026-01-28T06:35:29.883253+00:00,ff992114-9105-4c16-a610-c74a50c79ac8,"['Other', 'Design', 'Train', 'Full Stack']",Full Stack
1129832,Khan Academy,Fullstack Engineer II Tutor Platform,"Mountain View, CA","['Tutor', 'Teacher', 'Students', 'Edu', 'Math', 'Content', 'Engineer', 'Engineering', 'Fullstack']",https://remoteok.com/remote-jobs/remote-fullstack-engineer-ii-tutor-platform-khan-academy-1129832,2026-01-28T06:35:29.883253+00:00,ff992114-9105-4c16-a610-c74a50c79ac8,"['Tutor', 'Teacher', 'Students', 'Edu', 'Math', 'Content', 'Engineer', 'Engineering', 'Fullstack']",Full Stack
1129831,Satelligence,Junior Data Engineer,Remote,"['Design', 'Python', 'Django', 'Technical', 'Code', 'Cloud', 'Scheme', 'Leader', 'Junior', 'Engineer', 'Engineering', 'Full-Time']",https://remoteok.com/remote-jobs/remote-junior-data-engineer-satelligence-1129831,2026-01-28T06:35:29.883253+00:00,ff992114-9105-4c16-a610-c74a50c79ac8,"['Design', 'Python', 'Django', 'Technical', 'Code', 'Cloud', 'Scheme', 'Leader', 'Junior', 'Engineer', 'Engineering', 'Full-Time']",Data & AI
1129829,BNSF Railway,Sr Staff AI Engineer,Remote,"['Other', 'Design', 'AI', 'Train']",https://remoteok.com/remote-jobs/remote-sr-staff-ai-engineer-bnsf-railway-1129829,2026-01-28T06:35:29.883253+00:00,ff992114-9105-4c16-a610-c74a50c79ac8,"['Other', 'Design', 'AI', 'Train']",Full Stack
1129825,DRW,Senior Software Engineer Analytics Front Office,"Chicago, Greenwich, New York","['Software', 'Senior', 'Analytics', 'Engineer']",https://remoteok.com/remote-jobs/remote-senior-software-engineer-analytics-front-office-drw-1129825,2026-01-28T06:35:29.883253+00:00,ff992114-9105-4c16-a610-c74a50c79ac8,"['Software', 'Senior', 'Analytics', 'Engineer']",Full Stack
1129816,Veeam Software,ML AI Ops Engineer,Remote,"['Developer', 'Leader', 'Go', 'Engineer']",https://remoteok.com/remote-jobs/remote-ml-ai-ops-engineer-veeam-software-1129816,2026-01-28T06:35:29.883253+00:00,ff992114-9105-4c16-a610-c74a50c79ac8,"['Developer', 'Leader', 'Go', 'Engineer']",Full Stack
1129814,Veeam Software,Senior Data Science Engineer,Remote,"['Developer', 'Leader', 'Senior', 'Go', 'Engineer']",https://remoteok.com/remote-jobs/remote-senior-data-science-engineer-veeam-software-1129814,2026-01-28T06:35:29.883253+00:00,ff992114-9105-4c16-a610-c74a50c79ac8,"['Developer', 'Leader', 'Senior', 'Go', 'Engineer']",Full Stack
1129813,Ajax Systems,Pre Sales Engineer,Remote,"['System', 'Security', 'Technical', 'Support', 'Travel', 'Video', 'Sales', 'Engineer']",https://remoteok.com/remote-jobs/remote-pre-sales-engineer-ajax-systems-1129813,2026-01-28T06:35:29.883253+00:00,ff992114-9105-4c16-a610-c74a50c79ac8,"['System', 'Security', 'Technical', 'Support', 'Travel', 'Video', 'Sales', 'Engineer']",Backend/Core
1129811,BridgeBio Pharma,Regional Sales Director,Remote,"['Director', 'Financial', 'Leader', 'Lead', 'Sales', 'Non Tech']",https://remoteok.com/remote-jobs/remote-regional-sales-director-bridgebio-pharma-1129811,2026-01-28T06:35:29.883253+00:00,ff992114-9105-4c16-a610-c74a50c79ac8,"['Director', 'Financial', 'Leader', 'Lead', 'Sales', 'Non Tech']",Research/Specialized
1129808,Bounteous,Lead Salesforce Data Cloud Architect,Remote,"['Salesforce', 'Architect', 'Security', 'Consultancy', 'Technical', 'Test', 'Growth', 'Code', 'Edu', 'Cloud', 'Lead', 'Marketing', 'Healthcare', 'Executive']",https://remoteok.com/remote-jobs/remote-lead-salesforce-data-cloud-architect-bounteous-1129808,2026-01-28T06:35:29.883253+00:00,ff992114-9105-4c16-a610-c74a50c79ac8,"['Salesforce', 'Architect', 'Security', 'Consultancy', 'Technical', 'Test', 'Growth', 'Code', 'Edu', 'Cloud', 'Lead', 'Marketing', 'Healthcare', 'Executive']",DevOps
1129834,BNSF Railway,Platform & Enterprise Front End Sr Staff Software Engineer,Remote,"['Other', 'Design', 'Train']",https://remoteok.com/remote-jobs/remote-platform-enterprise-front-end-sr-staff-software-engineer-bnsf-railway-1129834,2026-01-28T06:35:29.883253+00:00,ff992114-9105-4c16-a610-c74a50c79ac8,"['Other', 'Design', 'Train']",Full Stack
1129643,Zinkworks,Senior Full Stack Engineer,Remote,"['Front End', 'Security', 'Technical', 'Support', 'Software', 'Code', 'DevOps', 'Financial', 'Cloud', 'API', 'Senior', 'Junior', 'Reliability', 'Engineer', 'Backend']",https://remoteok.com/remote-jobs/remote-senior-full-stack-engineer-zinkworks-1129643,2026-01-28T06:35:29.883253+00:00,ff992114-9105-4c16-a610-c74a50c79ac8,"['Front End', 'Security', 'Technical', 'Support', 'Software', 'Code', 'DevOps', 'Financial', 'Cloud', 'API', 'Senior', 'Junior', 'Reliability', 'Engineer', 'Backend']",Security
1129754,ClickHouse,Senior Backend Engineer Infrastructure,Remote,"['Technical', 'Growth', 'Cloud', 'Senior', 'Engineer', 'Backend']",https://remoteok.com/remote-jobs/remote-senior-backend-engineer-infrastructure-clickhouse-1129754,2026-01-28T06:35:29.883253+00:00,ff992114-9105-4c16-a610-c74a50c79ac8,"['Technical', 'Growth', 'Cloud', 'Senior', 'Engineer', 'Backend']",Full Stack
1129752,Runway,Engineering Manager API,Remote,"['Manager', 'Technical', 'Support', 'Finance', 'API', 'Management', 'Lead', 'Engineering']",https://remoteok.com/remote-jobs/remote-engineering-manager-api-runway-1129752,2026-01-28T06:35:29.883253+00:00,ff992114-9105-4c16-a610-c74a50c79ac8,"['Manager', 'Technical', 'Support', 'Finance', 'API', 'Management', 'Lead', 'Engineering']",DevOps
1129695,LumiQ,Principal Product Designer,Remote,"['Design', 'Training', 'Designer', 'Support', 'Growth', 'Web', 'Accounting', 'Edu', 'Investment', 'Finance', 'Mobile', 'Lead', 'Content', 'Marketing', 'Health']",https://remoteok.com/remote-jobs/remote-principal-product-designer-lumiq-1129695,2026-01-28T06:35:29.883253+00:00,ff992114-9105-4c16-a610-c74a50c79ac8,"['Design', 'Training', 'Designer', 'Support', 'Growth', 'Web', 'Accounting', 'Edu', 'Investment', 'Finance', 'Mobile', 'Lead', 'Content', 'Marketing', 'Health']",DevOps
1129694,DataKind,Technical Project Manager,Remote,"['Manager', 'Technical', 'Support', 'Management', 'Senior', 'Engineering']",https://remoteok.com/remote-jobs/remote-technical-project-manager-datakind-1129694,2026-01-28T06:35:29.883253+00:00,ff992114-9105-4c16-a610-c74a50c79ac8,"['Manager', 'Technical', 'Support', 'Management', 'Senior', 'Engineering']",DevOps
1129692,Adyen,Technical Support Specialist,Remote,"['Technical', 'Support', 'Financial', 'API', 'Microsoft']",https://remoteok.com/remote-jobs/remote-technical-support-specialist-adyen-1129692,2026-01-28T06:35:29.883253+00:00,ff992114-9105-4c16-a610-c74a50c79ac8,"['Technical', 'Support', 'Financial', 'API', 'Microsoft']",Research/Specialized
1129691,ClearScore Technology Limited,FrontEnd Engineer,Remote,"['Front End', 'React', 'Teach', 'Architect', 'Scrum', 'JavaScript', 'Node. JS', 'Junior', 'Engineer']",https://remoteok.com/remote-jobs/remote-frontend-engineer-clearscore-technology-limited-1129691,2026-01-28T06:35:29.883253+00:00,ff992114-9105-4c16-a610-c74a50c79ac8,"['Front End', 'React', 'Teach', 'Architect', 'Scrum', 'JavaScript', 'Node. JS', 'Junior', 'Engineer']",Full Stack
1129690,Equip Health,Senior Software Development Engineer DevOps,Remote,"['Software', 'React', 'System', 'Security', 'Training', 'Support', 'Developer', 'Code', 'Web', 'Travel', 'DevOps', 'JavaScript', 'Financial', 'Serverless', 'Cloud', 'Mobile', 'Strategy', 'Senior', 'Operational', 'Legal', 'Reliability', 'Medical', 'Health', 'Healthcare', 'Engineer', 'Engineering', 'Backend']",https://remoteok.com/remote-jobs/remote-senior-software-development-engineer-devops-equip-health-1129690,2026-01-28T06:35:29.883253+00:00,ff992114-9105-4c16-a610-c74a50c79ac8,"['Software', 'React', 'System', 'Security', 'Training', 'Support', 'Developer', 'Code', 'Web', 'Travel', 'DevOps', 'JavaScript', 'Financial', 'Serverless', 'Cloud', 'Mobile', 'Strategy', 'Senior', 'Operational', 'Legal', 'Reliability', 'Medical', 'Health', 'Healthcare', 'Engineer', 'Engineering', 'Backend']",Security
1129685,Evolve Tech LLC,Backend Developer,Remote,"['Developer', 'Design', 'Front End', 'Technical', 'Software', 'Testing', 'UX', 'Code', 'Web', 'Quality Assurance', 'Java', 'Cloud', 'NoSQL', 'Git', 'API', 'Management', 'Lead', 'Junior', 'Operations', 'Engineering', 'Backend']",https://remoteok.com/remote-jobs/remote-backend-developer-evolve-tech-llc-1129685,2026-01-28T06:35:29.883253+00:00,ff992114-9105-4c16-a610-c74a50c79ac8,"['Developer', 'Design', 'Front End', 'Technical', 'Software', 'Testing', 'UX', 'Code', 'Web', 'Quality Assurance', 'Java', 'Cloud', 'NoSQL', 'Git', 'API', 'Management', 'Lead', 'Junior', 'Operations', 'Engineering', 'Backend']",Data & AI
1129684,Rula,Technical Project Manager,Remote,"['Manager', 'Technical', 'Support', 'Management', 'Lead', 'Operational', 'Analytics', 'Health', 'Healthcare', 'Engineering', 'Full-Time']",https://remoteok.com/remote-jobs/remote-technical-project-manager-rula-1129684,2026-01-28T06:35:29.883253+00:00,ff992114-9105-4c16-a610-c74a50c79ac8,"['Manager', 'Technical', 'Support', 'Management', 'Lead', 'Operational', 'Analytics', 'Health', 'Healthcare', 'Engineering', 'Full-Time']",Growth/Ops
1129679,Fetch,iOS Software Engineer,Remote,"['iOS', 'Software', 'Mobile', 'Engineer', 'Engineering']",https://remoteok.com/remote-jobs/remote-ios-software-engineer-fetch-1129679,2026-01-28T06:35:29.883253+00:00,ff992114-9105-4c16-a610-c74a50c79ac8,"['iOS', 'Software', 'Mobile', 'Engineer', 'Engineering']",Full Stack
1129677,Empassion,Senior Full Stack Software Engineer,Remote,"['Software', 'Design', 'System', 'Front End', 'Back-End', 'Python', 'Django', 'Full-Stack', 'Docker', 'Technical', 'Director', 'Code', 'Web', 'Travel', 'DevOps', 'Cloud', 'Leader', 'Strategy', 'Management', 'Lead', 'Senior', 'Operations', 'Analytics', 'Reliability', 'Healthcare', 'Engineer', 'Engineering']",https://remoteok.com/remote-jobs/remote-senior-full-stack-software-engineer-empassion-1129677,2026-01-28T06:35:29.883253+00:00,ff992114-9105-4c16-a610-c74a50c79ac8,"['Software', 'Design', 'System', 'Front End', 'Back-End', 'Python', 'Django', 'Full-Stack', 'Docker', 'Technical', 'Director', 'Code', 'Web', 'Travel', 'DevOps', 'Cloud', 'Leader', 'Strategy', 'Management', 'Lead', 'Senior', 'Operations', 'Analytics', 'Reliability', 'Healthcare', 'Engineer', 'Engineering']",Security
1093412,AMK Solutions,Senior Full Stack Engineer,Remote,['Developer'],https://remoteok.com/remote-jobs/remote-senior-full-stack-engineer-amk-solutions-1093412,2026-01-28T06:35:29.883253+00:00,ff992114-9105-4c16-a610-c74a50c79ac8,['Developer'],Full Stack
1129675,Cribl,Software Engineer Core Platform,Remote,"['Software', 'Security', 'Support', 'Developer', 'Test', 'Code', 'Cloud', 'Senior', 'Reliability', 'Engineer', 'Engineering', 'Backend']",https://remoteok.com/remote-jobs/remote-software-engineer-core-platform-cribl-1129675,2026-01-28T06:35:29.883253+00:00,ff992114-9105-4c16-a610-c74a50c79ac8,"['Software', 'Security', 'Support', 'Developer', 'Test', 'Code', 'Cloud', 'Senior', 'Reliability', 'Engineer', 'Engineering', 'Backend']",Backend/Core
1129669,GoCardless,Software Development Engineer III,Remote,"['Software', 'Technical', 'Support', 'Banking', 'Bank', 'Engineer', 'Engineering']",https://remoteok.com/remote-jobs/remote-software-development-engineer-iii-gocardless-1129669,2026-01-28T06:35:29.883253+00:00,ff992114-9105-4c16-a610-c74a50c79ac8,"['Software', 'Technical', 'Support', 'Banking', 'Bank', 'Engineer', 'Engineering']",Backend/Core
1129667,Fi,Fi Senior Embedded Software Engineer,"Boston, MA OR New York, NY","['Embedded', 'Software', 'Senior', 'Engineer']",https://remoteok.com/remote-jobs/remote-fi-senior-embedded-software-engineer-fi-1129667,2026-01-28T06:35:29.883253+00:00,ff992114-9105-4c16-a610-c74a50c79ac8,"['Embedded', 'Software', 'Senior', 'Engineer']",Full Stack
1129661,Pulumi,Principal Engineer Pulumi Neo,Remote,"['Design', 'Security', 'Code', 'Web', 'Cloud', 'Operations', 'Engineer', 'Engineering']",https://remoteok.com/remote-jobs/remote-principal-engineer-pulumi-neo-pulumi-1129661,2026-01-28T06:35:29.883253+00:00,ff992114-9105-4c16-a610-c74a50c79ac8,"['Design', 'Security', 'Code', 'Web', 'Cloud', 'Operations', 'Engineer', 'Engineering']",Data & AI
1129660,Temporal Technologies,Staff Software Engineer DevProd,Remote,"['Software', 'Design', 'Support', 'Developer', 'Reliability', 'Engineer', 'Engineering']",https://remoteok.com/remote-jobs/remote-staff-software-engineer-devprod-temporal-technologies-1129660,2026-01-28T06:35:29.883253+00:00,ff992114-9105-4c16-a610-c74a50c79ac8,"['Software', 'Design', 'Support', 'Developer', 'Reliability', 'Engineer', 'Engineering']",Backend/Core
1129659,Underdog Sports,Senior Site Reliability Engineer Infrastructure,Remote,"['System', 'Developer', 'Lead', 'Senior', 'Operational', 'Reliability', 'Engineer']",https://remoteok.com/remote-jobs/remote-senior-site-reliability-engineer-infrastructure-underdog-sports-1129659,2026-01-28T06:35:29.883253+00:00,ff992114-9105-4c16-a610-c74a50c79ac8,"['System', 'Developer', 'Lead', 'Senior', 'Operational', 'Reliability', 'Engineer']",Full Stack
1129653,Freshpaint,Senior Software Engineer Data,Remote,"['Software', 'Architect', 'Technical', 'Growth', 'Code', 'Web', 'Manager', 'Ads', 'Strategy', 'Senior', 'Marketing', 'Analytics', 'Sales', 'Reliability', 'Go', 'Health', 'Healthcare', 'Engineer', 'Engineering', 'E-Commerce']",https://remoteok.com/remote-jobs/remote-senior-software-engineer-data-freshpaint-1129653,2026-01-28T06:35:29.883253+00:00,ff992114-9105-4c16-a610-c74a50c79ac8,"['Software', 'Architect', 'Technical', 'Growth', 'Code', 'Web', 'Manager', 'Ads', 'Strategy', 'Senior', 'Marketing', 'Analytics', 'Sales', 'Reliability', 'Go', 'Health', 'Healthcare', 'Engineer', 'Engineering', 'E-Commerce']",Security
1129650,Circle.so,Senior Full Stack Software Engineer CRM,Remote,"['Software', 'Full-Stack', 'Senior', 'Engineer']",https://remoteok.com/remote-jobs/remote-senior-full-stack-software-engineer-crm-circle-so-1129650,2026-01-28T06:35:29.883253+00:00,ff992114-9105-4c16-a610-c74a50c79ac8,"['Software', 'Full-Stack', 'Senior', 'Engineer']",Full Stack
1129646,Skylo Technologies,Principal Network Integration Engineer,"Mountain View, CA","['Design', 'Architect', 'Cloud', 'Mobile', 'Lead', 'Operations', 'Engineer']",https://remoteok.com/remote-jobs/remote-principal-network-integration-engineer-skylo-technologies-1129646,2026-01-28T06:35:29.883253+00:00,ff992114-9105-4c16-a610-c74a50c79ac8,"['Design', 'Architect', 'Cloud', 'Mobile', 'Lead', 'Operations', 'Engineer']",Full Stack
1129645,CLEAR - Corporate,Senior Software Engineer Java,"New York, New York","['Software', 'Security', 'Code', 'Java', 'Cloud', 'Leader', 'Senior', 'Go', 'Engineer', 'Engineering']",https://remoteok.com/remote-jobs/remote-senior-software-engineer-java-clear-corporate-1129645,2026-01-28T06:35:29.883253+00:00,ff992114-9105-4c16-a610-c74a50c79ac8,"['Software', 'Security', 'Code', 'Java', 'Cloud', 'Leader', 'Senior', 'Go', 'Engineer', 'Engineering']",Backend/Core
1129672,JLS Trading Co,Product Inventor Engineer @ Fun Ecom Co,Remote,"['Product', 'Product Designer', 'Engineer']",https://remoteok.com/remote-jobs/remote-product-inventor-engineer-fun-ecom-co-jls-trading-co-1129672,2026-01-28T06:35:29.883253+00:00,ff992114-9105-4c16-a610-c74a50c79ac8,"['Product', 'Product Designer', 'Engineer']",Full Stack
1129753,Lightedge,Manager of Storage Services,Remote,"['Manager', 'Technical', 'Support', 'Cloud', 'Strategy', 'Management', 'Operations', 'Operational', 'Analytics']",https://remoteok.com/remote-jobs/remote-manager-of-storage-services-lightedge-1129753,2026-01-28T06:35:29.883253+00:00,ff992114-9105-4c16-a610-c74a50c79ac8,"['Manager', 'Technical', 'Support', 'Cloud', 'Strategy', 'Management', 'Operations', 'Operational', 'Analytics']",Growth/Ops
1093738,Sticker Mule,Software engineer,Remote,"['Engineer', 'Docker', 'Redis', 'Postgres', 'GCP', 'Kubernetes', 'Developer']",https://remoteok.com/remote-jobs/remote-software-engineer-sticker-mule-1093738,2026-01-28T06:35:29.883253+00:00,ff992114-9105-4c16-a610-c74a50c79ac8,"['Engineer', 'Docker', 'Redis', 'Postgres', 'GCP', 'Kubernetes', 'Developer']",Full Stack
1129702,MissionWired,Senior Software Engineer Data Platform,Remote,"['Software', 'Support', 'Senior', 'Engineer']",https://remoteok.com/remote-jobs/remote-senior-software-engineer-data-platform-missionwired-1129702,2026-01-28T06:35:29.883253+00:00,ff992114-9105-4c16-a610-c74a50c79ac8,"['Software', 'Support', 'Senior', 'Engineer']",Full Stack
1129747,Geotab,Solutions Engineering Channel,Remote,"['Leader', 'Operations', 'Analytics', 'Engineering']",https://remoteok.com/remote-jobs/remote-solutions-engineering-channel-geotab-1129747,2026-01-28T06:35:29.883253+00:00,ff992114-9105-4c16-a610-c74a50c79ac8,"['Leader', 'Operations', 'Analytics', 'Engineering']",DevOps
1129742,Nimble Gravity,Copilot & Power Platform Architect,Remote,"['Architect', 'Design', 'Embedded', 'Consulting', 'Technical', 'Support', 'Microsoft', 'Lead']",https://remoteok.com/remote-jobs/remote-copilot-power-platform-architect-nimble-gravity-1129742,2026-01-28T06:35:29.883253+00:00,ff992114-9105-4c16-a610-c74a50c79ac8,"['Architect', 'Design', 'Embedded', 'Consulting', 'Technical', 'Support', 'Microsoft', 'Lead']",DevOps
1129739,CAI,Proposal Manager,Remote,"['Manager', 'Support', 'Microsoft', 'Management', 'Lead', 'Operations', 'Operational', 'Health', 'Non Tech']",https://remoteok.com/remote-jobs/remote-proposal-manager-cai-1129739,2026-01-28T06:35:29.883253+00:00,ff992114-9105-4c16-a610-c74a50c79ac8,"['Manager', 'Support', 'Microsoft', 'Management', 'Lead', 'Operations', 'Operational', 'Health', 'Non Tech']",Growth/Ops
1129736,HONK,Client Success Manager,Remote,"['Manager', 'SaaS', 'Training', 'Consulting', 'Support', 'Growth', 'Operational', 'Sales', 'Engineering']",https://remoteok.com/remote-jobs/remote-client-success-manager-honk-1129736,2026-01-28T06:35:29.883253+00:00,ff992114-9105-4c16-a610-c74a50c79ac8,"['Manager', 'SaaS', 'Training', 'Consulting', 'Support', 'Growth', 'Operational', 'Sales', 'Engineering']",Growth/Ops
1129729,Mercury,Senior Software Engineer Risk,"San Francisco, CA","['Software', 'Design', 'System', 'Bank', 'Senior', 'Operations', 'Engineer', 'Engineering']",https://remoteok.com/remote-jobs/remote-senior-software-engineer-risk-mercury-1129729,2026-01-28T06:35:29.883253+00:00,ff992114-9105-4c16-a610-c74a50c79ac8,"['Software', 'Design', 'System', 'Bank', 'Senior', 'Operations', 'Engineer', 'Engineering']",Full Stack
1129728,Regard,Full Stack Software Engineer,Remote,"['Software', 'Full-Stack', 'Healthcare', 'Engineer']",https://remoteok.com/remote-jobs/remote-full-stack-software-engineer-regard-1129728,2026-01-28T06:35:29.883253+00:00,ff992114-9105-4c16-a610-c74a50c79ac8,"['Software', 'Full-Stack', 'Healthcare', 'Engineer']",Full Stack
1129727,Mistral AI,Site Reliability Engineer,Remote,"['System', 'Security', 'Training', 'Support', 'Software', 'Web', 'Assistant', 'Cloud', 'Operations', 'Operational', 'Reliability', 'Health', 'Engineer', 'Engineering']",https://remoteok.com/remote-jobs/remote-site-reliability-engineer-mistral-ai-1129727,2026-01-28T06:35:29.883253+00:00,ff992114-9105-4c16-a610-c74a50c79ac8,"['System', 'Security', 'Training', 'Support', 'Software', 'Web', 'Assistant', 'Cloud', 'Operations', 'Operational', 'Reliability', 'Health', 'Engineer', 'Engineering']",Backend/Core
1129722,Scopely,Senior Game Designer WWE Champions,Remote,"['Game', 'Design', 'Designer', 'Support', 'Mobile', 'Senior', 'Engineering']",https://remoteok.com/remote-jobs/remote-senior-game-designer-wwe-champions-scopely-1129722,2026-01-28T06:35:29.883253+00:00,ff992114-9105-4c16-a610-c74a50c79ac8,"['Game', 'Design', 'Designer', 'Support', 'Mobile', 'Senior', 'Engineering']",DevOps
1129721,Scopely,Game Designer Star Trek Fleet Command,Remote,"['Game', 'Design', 'Gaming', 'Designer', 'Investment', 'Mobile', 'Content']",https://remoteok.com/remote-jobs/remote-game-designer-star-trek-fleet-command-scopely-1129721,2026-01-28T06:35:29.883253+00:00,ff992114-9105-4c16-a610-c74a50c79ac8,"['Game', 'Design', 'Gaming', 'Designer', 'Investment', 'Mobile', 'Content']",Full Stack
1129699,Anchorage Digital,Member of Product Core Experience,Remote,"['Design', 'SaaS', 'Crypto', 'Swift', 'Security', 'Technical', 'Growth', 'Manager', 'Financial', 'Finance', 'Bank', 'Admin', 'Strategy', 'Management', 'Senior', 'Legal', 'Engineering']",https://remoteok.com/remote-jobs/remote-member-of-product-core-experience-anchorage-digital-1129699,2026-01-28T06:35:29.883253+00:00,ff992114-9105-4c16-a610-c74a50c79ac8,"['Design', 'SaaS', 'Crypto', 'Swift', 'Security', 'Technical', 'Growth', 'Manager', 'Financial', 'Finance', 'Bank', 'Admin', 'Strategy', 'Management', 'Senior', 'Legal', 'Engineering']",Growth/Ops
1129719,Ubiminds,Full Stack Engineer,Remote,"['Design', 'SaaS', 'System', 'Front End', 'Support', 'Software', 'Code', 'DevOps', 'Cloud', 'Admin', 'Engineer', 'Engineering', 'Backend']",https://remoteok.com/remote-jobs/remote-full-stack-engineer-ubiminds-1129719,2026-01-28T06:35:29.883253+00:00,ff992114-9105-4c16-a610-c74a50c79ac8,"['Design', 'SaaS', 'System', 'Front End', 'Support', 'Software', 'Code', 'DevOps', 'Cloud', 'Admin', 'Engineer', 'Engineering', 'Backend']",Security
1129715,Narmi,Technical Customer Support Associate,Remote,"['SaaS', 'Technical', 'Support', 'Growth', 'Financial', 'Fintech', 'Banking', 'Lead', 'Go', 'Engineering']",https://remoteok.com/remote-jobs/remote-technical-customer-support-associate-narmi-1129715,2026-01-28T06:35:29.883253+00:00,ff992114-9105-4c16-a610-c74a50c79ac8,"['SaaS', 'Technical', 'Support', 'Growth', 'Financial', 'Fintech', 'Banking', 'Lead', 'Go', 'Engineering']",DevOps
1129714,Alpaca,Sales Engineer LATAM,Remote,"['Crypto', 'Technical', 'Support', 'Financial', 'Investment', 'C', 'API', 'Senior', 'Sales', 'Engineer']",https://remoteok.com/remote-jobs/remote-sales-engineer-latam-alpaca-1129714,2026-01-28T06:35:29.883253+00:00,ff992114-9105-4c16-a610-c74a50c79ac8,"['Crypto', 'Technical', 'Support', 'Financial', 'Investment', 'C', 'API', 'Senior', 'Sales', 'Engineer']",Research/Specialized
1129713,Halcyon,Principal Product UX Designer,Remote,"['UX', 'Design', 'Security', 'Designer', 'Management', 'Lead', 'Senior']",https://remoteok.com/remote-jobs/remote-principal-product-ux-designer-halcyon-1129713,2026-01-28T06:35:29.883253+00:00,ff992114-9105-4c16-a610-c74a50c79ac8,"['UX', 'Design', 'Security', 'Designer', 'Management', 'Lead', 'Senior']",DevOps
1128583,Octo Horizon,Software Engineer C,Remote,"['Engineer', 'Technical', 'Cloud', 'Developer']",https://remoteok.com/remote-jobs/remote-software-engineer-c-octo-horizon-1128583,2026-01-28T06:35:29.883253+00:00,ff992114-9105-4c16-a610-c74a50c79ac8,"['Engineer', 'Technical', 'Cloud', 'Developer']",Full Stack
1129708,Bullish US LLC,Senior Lead Designer Web & Interactive,Remote,"['Web', 'Design', 'Jira', 'Web3', 'Crypto', 'React', '3d', 'Architect', 'Designer', 'Technical', 'Quality Assurance', 'JavaScript', 'Financial', 'Lead', 'Content', 'Senior', 'Marketing', 'Engineering']",https://remoteok.com/remote-jobs/remote-senior-lead-designer-web-amp-interactive-bullish-us-llc-1129708,2026-01-28T06:35:29.883253+00:00,ff992114-9105-4c16-a610-c74a50c79ac8,"['Web', 'Design', 'Jira', 'Web3', 'Crypto', 'React', '3d', 'Architect', 'Designer', 'Technical', 'Quality Assurance', 'JavaScript', 'Financial', 'Lead', 'Content', 'Senior', 'Marketing', 'Engineering']",DevOps
1129707,DeepMind,Chief AGI Economist,Remote,"['Strategy', 'Lead', 'Senior']",https://remoteok.com/remote-jobs/remote-chief-agi-economist-deepmind-1129707,2026-01-28T06:35:29.883253+00:00,ff992114-9105-4c16-a610-c74a50c79ac8,"['Strategy', 'Lead', 'Senior']",DevOps
1129706,Orium,Senior React Native Developer,Remote,"['React', 'Developer', 'Technical', 'Mobile', 'Senior', 'Engineering']",https://remoteok.com/remote-jobs/remote-senior-react-native-developer-orium-1129706,2026-01-28T06:35:29.883253+00:00,ff992114-9105-4c16-a610-c74a50c79ac8,"['React', 'Developer', 'Technical', 'Mobile', 'Senior', 'Engineering']",DevOps
1129705,NMI,Senior Staff Software Engineer,Remote,"['Software', 'Design', 'System', 'Technical', 'Lead', 'Senior', 'Operational', 'Reliability', 'Engineer', 'Engineering']",https://remoteok.com/remote-jobs/remote-senior-staff-software-engineer-nmi-1129705,2026-01-28T06:35:29.883253+00:00,ff992114-9105-4c16-a610-c74a50c79ac8,"['Software', 'Design', 'System', 'Technical', 'Lead', 'Senior', 'Operational', 'Reliability', 'Engineer', 'Engineering']",Product
1129703,Lumin Digital,Data Conversion Engineer,Remote,"['Technical', 'Support', 'Test', 'Banking', 'Engineer']",https://remoteok.com/remote-jobs/remote-data-conversion-engineer-lumin-digital-1129703,2026-01-28T06:35:29.883253+00:00,ff992114-9105-4c16-a610-c74a50c79ac8,"['Technical', 'Support', 'Test', 'Banking', 'Engineer']",Full Stack
1129718,Blueprint,Senior Program Coordinator Data Operations,Remote,"['Coordinator', 'Support', 'Strategy', 'Management', 'Senior', 'Operations', 'Operational']",https://remoteok.com/remote-jobs/remote-senior-program-coordinator-data-operations-blueprint-1129718,2026-01-28T06:35:29.883253+00:00,ff992114-9105-4c16-a610-c74a50c79ac8,"['Coordinator', 'Support', 'Strategy', 'Management', 'Senior', 'Operations', 'Operational']",Growth/Ops
1129472,CoinGecko,Software Engineer Mid level API,Remote,"['Software', 'Design', 'Cryptocurrency', 'Front-End', 'Back-End', 'Technical', 'Code', 'Web', 'Quality Assurance', 'Financial', 'Edu', 'Cloud', 'API', 'Leader', 'Junior', 'Engineer', 'Engineering']",https://remoteok.com/remote-jobs/remote-software-engineer-mid-level-api-coingecko-1129472,2026-01-28T06:35:29.883253+00:00,ff992114-9105-4c16-a610-c74a50c79ac8,"['Software', 'Design', 'Cryptocurrency', 'Front-End', 'Back-End', 'Technical', 'Code', 'Web', 'Quality Assurance', 'Financial', 'Edu', 'Cloud', 'API', 'Leader', 'Junior', 'Engineer', 'Engineering']",Data & AI
